{"type": "FeatureCollection", "features": [{"type": "Feature", "properties": {"nombre": "Uruguay", "iso": "URY"}, "geometry": {"type": "Polygon", "coordinates": [[[-53.370605, -33.742188], [-53.41958, -33.779199], [-53.472461, -33.849316], [-53.534521, -34.01748], [-53.74292, -34.249512], [-53.785303, -34.380371], [-54.010254, -34.516992], [-54.168555, -34.670703], [-54.272119, -34.666895], [-54.365332, -34.732715], [-54.902295, -34.932813], [-55.095117, -34.895117], [-55.237891, -34.895801], [-55.370605, -34.807617], [-55.673145, -34.775684], [-55.862939, -34.810938], [-56.11792, -34.90791], [-56.194629, -34.906445], [-56.249951, -34.90127], [-56.387842, -34.861035], [-56.463086, -34.775391], [-56.855176, -34.67666], [-57.170703, -34.452344], [-57.543457, -34.448047], [-57.829102, -34.477344], [-57.873242, -34.447656], [-57.902148, -34.390137], [-57.96123, -34.306934], [-58.207031, -34.109082], [-58.400195, -33.912402], [-58.438135, -33.719141], [-58.411328, -33.508887], [-58.353369, -33.260059], [-58.363525, -33.182324], [-58.292187, -33.137988], [-58.221582, -33.129102], [-58.153564, -33.064648], [-58.092676, -32.967383], [-58.082324, -32.893652], [-58.12959, -32.757227], [-58.162207, -32.566504], [-58.201172, -32.47168], [-58.123047, -32.321875], [-58.119727, -32.248926], [-58.164795, -32.184863], [-58.177002, -32.119043], [-58.156348, -32.051563], [-58.1604, -31.986523], [-58.189014, -31.924219], [-58.16748, -31.872656], [-58.09585, -31.831836], [-58.042334, -31.769238], [-58.006982, -31.684961], [-57.988867, -31.620605], [-57.987988, -31.576172], [-58.009668, -31.534375], [-58.053857, -31.494922], [-58.033398, -31.416602], [-57.94834, -31.299414], [-57.893359, -31.195312], [-57.868408, -31.104395], [-57.870068, -31.031055], [-57.898291, -30.975195], [-57.886328, -30.937402], [-57.834082, -30.91748], [-57.810596, -30.858594], [-57.818555, -30.712012], [-57.87251, -30.591016], [-57.831201, -30.495215], [-57.712695, -30.384473], [-57.650879, -30.29502], [-57.645752, -30.226953], [-57.608887, -30.187793], [-57.552295, -30.26123], [-57.383838, -30.280664], [-57.214453, -30.283398], [-57.186914, -30.264844], [-57.120508, -30.144434], [-57.032715, -30.109961], [-56.937256, -30.101074], [-56.832715, -30.107227], [-56.72168, -30.186914], [-56.407227, -30.447461], [-56.176172, -30.628418], [-56.105859, -30.71377], [-56.044824, -30.777637], [-55.998975, -30.837207], [-56.018457, -30.991895], [-56.015527, -31.059668], [-56.004687, -31.079199], [-55.952002, -31.080859], [-55.873682, -31.069629], [-55.807764, -31.036719], [-55.756348, -30.987109], [-55.705957, -30.946582], [-55.665234, -30.924902], [-55.650488, -30.89209], [-55.627148, -30.858105], [-55.603027, -30.850781], [-55.557324, -30.875977], [-55.449561, -30.964453], [-55.366064, -31.046191], [-55.345508, -31.092969], [-55.313281, -31.141699], [-55.278955, -31.18418], [-55.254639, -31.225586], [-55.173535, -31.27959], [-55.091162, -31.313965], [-55.036035, -31.279004], [-54.895996, -31.391211], [-54.587646, -31.485156], [-54.530908, -31.541992], [-54.477686, -31.622754], [-54.369922, -31.74502], [-54.220557, -31.855176], [-54.100439, -31.901563], [-53.985156, -31.928125], [-53.920605, -31.952344], [-53.876514, -31.994531], [-53.806104, -32.039941], [-53.761719, -32.056836], [-53.746582, -32.097461], [-53.701123, -32.186328], [-53.653613, -32.29873], [-53.601709, -32.403027], [-53.489404, -32.503223], [-53.362744, -32.581152], [-53.23125, -32.625391], [-53.157275, -32.680078], [-53.125586, -32.736719], [-53.214062, -32.821094], [-53.310107, -32.927051], [-53.395215, -33.010352], [-53.482861, -33.068555], [-53.511865, -33.108691], [-53.531348, -33.170898], [-53.530371, -33.500293], [-53.537646, -33.622852], [-53.531348, -33.655469], [-53.518848, -33.677246], [-53.463574, -33.709863], [-53.397559, -33.737305], [-53.370605, -33.742188]]]}}, {"type": "Feature", "properties": {"nombre": "Falkland Is.", "iso": "FLK"}, "geometry": {"type": "MultiPolygon", "coordinates": [[[[-58.850195, -51.269922], [-58.69751, -51.328516], [-58.50625, -51.308105], [-58.42583, -51.324219], [-58.378711, -51.373047], [-58.406738, -51.418359], [-58.467432, -51.411816], [-58.519238, -51.423926], [-58.508936, -51.483594], [-58.47373, -51.509082], [-58.271582, -51.574707], [-58.234521, -51.578613], [-58.241113, -51.551074], [-58.276221, -51.506055], [-58.289307, -51.45752], [-58.259229, -51.41709], [-58.206445, -51.404687], [-57.976514, -51.384375], [-57.92251, -51.403516], [-57.808496, -51.517969], [-57.91543, -51.533789], [-57.960449, -51.583203], [-57.866357, -51.60459], [-57.791797, -51.636133], [-57.831152, -51.68457], [-57.838184, -51.70918], [-58.003955, -51.743457], [-58.150928, -51.76543], [-58.217627, -51.822461], [-58.335986, -51.86377], [-58.683496, -51.93623], [-58.643066, -51.994824], [-58.637695, -52.023047], [-58.652783, -52.099219], [-59.13125, -52.00791], [-59.19585, -52.017676], [-59.068018, -52.173047], [-59.162793, -52.201758], [-59.256348, -52.183105], [-59.341504, -52.195996], [-59.395654, -52.308008], [-59.532227, -52.236426], [-59.64873, -52.134375], [-59.64917, -52.077246], [-59.53667, -51.970605], [-59.570801, -51.925391], [-59.30874, -51.780469], [-59.261768, -51.737305], [-59.180029, -51.7125], [-59.09541, -51.704102], [-59.059521, -51.685449], [-59.065381, -51.650195], [-59.099463, -51.589746], [-59.096631, -51.491406], [-58.88667, -51.35791], [-58.91748, -51.27207], [-58.850195, -51.269922]]], [[[-60.28623, -51.461914], [-60.141553, -51.480957], [-60.008691, -51.410547], [-59.91709, -51.388086], [-59.841602, -51.40332], [-59.788428, -51.445996], [-59.711328, -51.439258], [-59.493457, -51.395703], [-59.465088, -51.410547], [-59.387598, -51.359961], [-59.32085, -51.383594], [-59.268066, -51.427539], [-59.293945, -51.478516], [-59.354199, -51.510938], [-59.392432, -51.556152], [-59.437012, -51.592676], [-59.514209, -51.626563], [-59.573193, -51.680859], [-59.714893, -51.807715], [-59.921387, -51.969531], [-59.989746, -51.984082], [-60.132275, -51.993848], [-60.19375, -51.982715], [-60.246338, -51.986426], [-60.288281, -52.07373], [-60.353467, -52.139941], [-60.384229, -52.154004], [-60.452002, -52.160254], [-60.484082, -52.170312], [-60.508398, -52.194727], [-60.686377, -52.188379], [-60.812207, -52.147754], [-60.961426, -52.057324], [-60.7625, -51.946484], [-60.591064, -51.951562], [-60.449756, -51.877148], [-60.334473, -51.839551], [-60.288672, -51.80127], [-60.238477, -51.771973], [-60.238135, -51.733789], [-60.276514, -51.716602], [-60.32832, -51.718359], [-60.37959, -51.735156], [-60.500098, -51.756543], [-60.58252, -51.712695], [-60.528076, -51.696387], [-60.467236, -51.697168], [-60.280957, -51.656055], [-60.245166, -51.638867], [-60.302637, -51.580469], [-60.414941, -51.54502], [-60.505811, -51.485449], [-60.522754, -51.463184], [-60.518262, -51.427832], [-60.568457, -51.357812], [-60.515723, -51.354297], [-60.445459, -51.399414], [-60.28623, -51.461914]]], [[[-61.01875, -51.785742], [-60.947266, -51.799512], [-60.875977, -51.794238], [-60.916162, -51.896973], [-60.947559, -51.946289], [-61.031982, -51.94248], [-61.115771, -51.875293], [-61.14502, -51.839453], [-61.05166, -51.813965], [-61.01875, -51.785742]]], [[[-58.438818, -52.011035], [-58.432715, -52.099023], [-58.512842, -52.071094], [-58.541406, -52.028418], [-58.49707, -51.999414], [-58.460547, -52.001563], [-58.438818, -52.011035]]], [[[-60.111719, -51.395898], [-60.248828, -51.395996], [-60.275879, -51.363184], [-60.275342, -51.280566], [-60.171387, -51.273438], [-60.069824, -51.30791], [-60.076465, -51.342578], [-60.111719, -51.395898]]], [[[-59.682666, -52.231641], [-59.746582, -52.250879], [-59.764453, -52.242188], [-59.784863, -52.204688], [-59.785937, -52.156152], [-59.793311, -52.13418], [-59.753223, -52.141406], [-59.681006, -52.180078], [-59.682666, -52.231641]]]]}}, {"type": "Feature", "properties": {"nombre": "Peru", "iso": "PER"}, "geometry": {"type": "Polygon", "coordinates": [[[-69.965918, -4.235938], [-69.972021, -4.301172], [-70.003955, -4.327246], [-70.05332, -4.333105], [-70.128809, -4.286621], [-70.183984, -4.298145], [-70.23916, -4.301172], [-70.316895, -4.246973], [-70.343652, -4.193652], [-70.404639, -4.150098], [-70.530664, -4.167578], [-70.63457, -4.168652], [-70.721582, -4.158887], [-70.799512, -4.17334], [-70.866016, -4.22959], [-70.915625, -4.295313], [-70.973682, -4.350488], [-71.144238, -4.387207], [-71.23501, -4.388184], [-71.316797, -4.424316], [-71.438281, -4.437598], [-71.521338, -4.469727], [-71.668359, -4.487305], [-71.844727, -4.504395], [-71.943164, -4.55332], [-71.982422, -4.574609], [-72.08252, -4.642285], [-72.256787, -4.748926], [-72.352832, -4.786035], [-72.468994, -4.90127], [-72.60835, -5.00957], [-72.69873, -5.067188], [-72.831934, -5.09375], [-72.887061, -5.122754], [-72.907471, -5.157715], [-72.895801, -5.198242], [-72.918262, -5.302539], [-72.958936, -5.495215], [-72.970215, -5.589648], [-72.979883, -5.634863], [-73.068066, -5.789551], [-73.162891, -5.933398], [-73.209375, -6.028711], [-73.235547, -6.098438], [-73.206494, -6.156445], [-73.167725, -6.260645], [-73.135352, -6.344336], [-73.126318, -6.400879], [-73.137354, -6.46582], [-73.177441, -6.525195], [-73.240332, -6.564063], [-73.325488, -6.574707], [-73.499902, -6.679492], [-73.694531, -6.833789], [-73.758105, -6.905762], [-73.77627, -6.973535], [-73.804639, -7.079883], [-73.793018, -7.135059], [-73.758203, -7.172754], [-73.72334, -7.262793], [-73.72041, -7.309277], [-73.749463, -7.335352], [-73.804639, -7.341211], [-73.854004, -7.349902], [-73.891748, -7.373145], [-73.929443, -7.367285], [-73.964307, -7.378906], [-73.964307, -7.416699], [-73.952686, -7.460254], [-73.958496, -7.506641], [-73.981738, -7.535742], [-74.002051, -7.556055], [-73.981738, -7.585059], [-73.946875, -7.61123], [-73.894629, -7.654785], [-73.82207, -7.738965], [-73.766895, -7.753516], [-73.72041, -7.78252], [-73.7146, -7.829004], [-73.732031, -7.875391], [-73.772705, -7.895703], [-73.775586, -7.936426], [-73.72041, -7.985742], [-73.682666, -8.020605], [-73.644922, -8.072852], [-73.610107, -8.14541], [-73.610107, -8.191895], [-73.572363, -8.249902], [-73.549121, -8.299316], [-73.549121, -8.345801], [-73.488135, -8.392188], [-73.435889, -8.427051], [-73.398145, -8.458984], [-73.3604, -8.479297], [-73.351709, -8.51416], [-73.356738, -8.566992], [-73.302441, -8.654004], [-73.203125, -8.719336], [-73.122559, -8.814063], [-73.070508, -8.882812], [-72.974023, -8.993164], [-72.970361, -9.120117], [-73.089844, -9.265723], [-73.209424, -9.411426], [-73.01377, -9.407422], [-72.814258, -9.410352], [-72.605469, -9.452051], [-72.464746, -9.492188], [-72.379053, -9.510156], [-72.318066, -9.556641], [-72.289014, -9.629199], [-72.26582, -9.688477], [-72.259961, -9.774316], [-72.172852, -9.844043], [-72.179102, -9.910156], [-72.181592, -10.003711], [-72.142969, -10.005176], [-71.887451, -10.005566], [-71.608008, -10.006055], [-71.339404, -9.988574], [-71.237939, -9.966016], [-71.115283, -9.852441], [-71.041748, -9.81875], [-70.970752, -9.765723], [-70.884521, -9.669043], [-70.81626, -9.625293], [-70.758496, -9.57168], [-70.672461, -9.517969], [-70.636914, -9.478223], [-70.60791, -9.463672], [-70.541113, -9.4375], [-70.570166, -9.489844], [-70.592236, -9.543457], [-70.59917, -9.620508], [-70.567236, -9.70459], [-70.593799, -9.76748], [-70.636914, -9.82373], [-70.637598, -9.971777], [-70.638525, -10.181543], [-70.639355, -10.361328], [-70.640332, -10.586035], [-70.641553, -10.84082], [-70.642334, -11.010254], [-70.596533, -10.976855], [-70.533252, -10.946875], [-70.450879, -11.024805], [-70.392285, -11.058594], [-70.341992, -11.066699], [-70.290381, -11.064258], [-70.220068, -11.047656], [-70.066309, -10.982422], [-69.960352, -10.929883], [-69.839795, -10.933398], [-69.674023, -10.954102], [-69.578613, -10.951758], [-69.453613, -11.16875], [-69.362012, -11.327539], [-69.257715, -11.508594], [-69.17373, -11.654297], [-69.046191, -11.875684], [-68.936035, -12.066797], [-68.818701, -12.27041], [-68.685254, -12.501953], [-68.728125, -12.560742], [-68.762891, -12.607715], [-68.759082, -12.687207], [-68.811816, -12.72959], [-68.867676, -12.755176], [-68.93374, -12.82207], [-68.978613, -12.880078], [-68.980518, -12.962598], [-68.972266, -13.382324], [-68.983447, -13.496387], [-69.017529, -13.594434], [-69.052832, -13.643945], [-69.074121, -13.682813], [-69.023047, -13.780273], [-68.974268, -13.975977], [-68.937451, -14.014648], [-68.891699, -14.094336], [-68.870898, -14.169727], [-68.880322, -14.198828], [-68.971777, -14.234375], [-69.004492, -14.265039], [-69.013135, -14.377246], [-69.052783, -14.417578], [-69.119727, -14.470313], [-69.162695, -14.530957], [-69.199268, -14.572559], [-69.234912, -14.59707], [-69.252344, -14.671094], [-69.276025, -14.745898], [-69.359473, -14.795313], [-69.37373, -14.8875], [-69.374707, -14.962988], [-69.330713, -15.038965], [-69.187109, -15.19873], [-69.172461, -15.236621], [-69.254297, -15.33291], [-69.301904, -15.399414], [-69.418506, -15.603418], [-69.420898, -15.640625], [-69.391895, -15.736914], [-69.217578, -16.149121], [-69.187988, -16.182813], [-69.13418, -16.221973], [-69.04624, -16.217676], [-68.913477, -16.261914], [-68.848828, -16.312793], [-68.842773, -16.337891], [-68.857812, -16.354785], [-68.928027, -16.389063], [-69.00625, -16.433691], [-69.03291, -16.475977], [-69.038379, -16.542676], [-69.020703, -16.642188], [-69.054541, -16.674316], [-69.13252, -16.713086], [-69.199805, -16.768457], [-69.267236, -16.860938], [-69.381543, -17.001367], [-69.421094, -17.040039], [-69.43833, -17.088379], [-69.50332, -17.104785], [-69.624854, -17.200195], [-69.645703, -17.248535], [-69.625879, -17.294434], [-69.563818, -17.33291], [-69.521924, -17.388965], [-69.510986, -17.460352], [-69.511084, -17.504883], [-69.510937, -17.506055], [-69.586426, -17.573242], [-69.684766, -17.649805], [-69.806104, -17.664941], [-69.8521, -17.703809], [-69.841504, -17.785156], [-69.802441, -17.9], [-69.802588, -17.990234], [-69.839697, -18.093457], [-69.926367, -18.206055], [-70.059082, -18.283496], [-70.183789, -18.325195], [-70.282275, -18.325391], [-70.37749, -18.333594], [-70.418262, -18.345605], [-70.491602, -18.277734], [-70.81748, -18.052539], [-70.941699, -17.932031], [-71.056592, -17.875684], [-71.336963, -17.68252], [-71.364941, -17.620508], [-71.399414, -17.421973], [-71.435889, -17.366016], [-71.532227, -17.294336], [-71.774463, -17.198828], [-71.868359, -17.151074], [-71.966895, -17.064063], [-72.111279, -17.002539], [-72.268604, -16.876172], [-72.3625, -16.775], [-72.467676, -16.708105], [-72.793945, -16.614551], [-72.957715, -16.520898], [-73.26377, -16.388574], [-73.400049, -16.304297], [-73.727686, -16.20166], [-73.824951, -16.152832], [-74.14707, -15.9125], [-74.3729, -15.833984], [-74.554883, -15.699023], [-75.104248, -15.411914], [-75.190527, -15.320117], [-75.274561, -15.178125], [-75.396582, -15.093555], [-75.533643, -14.899219], [-75.737695, -14.784961], [-75.933887, -14.633594], [-76.006299, -14.495801], [-76.136475, -14.320312], [-76.175146, -14.22666], [-76.289014, -14.133105], [-76.297021, -13.948438], [-76.376465, -13.863086], [-76.319482, -13.821484], [-76.259229, -13.802832], [-76.183936, -13.515234], [-76.223633, -13.371191], [-76.427344, -13.109961], [-76.502148, -12.984375], [-76.555225, -12.823438], [-76.637109, -12.728027], [-76.758008, -12.527148], [-76.832129, -12.34873], [-76.994092, -12.219238], [-77.038135, -12.172754], [-77.062695, -12.106836], [-77.152734, -12.060352], [-77.157617, -11.923438], [-77.220312, -11.663379], [-77.309912, -11.532422], [-77.633203, -11.287793], [-77.638574, -11.193555], [-77.664307, -11.02207], [-77.736084, -10.836719], [-78.095459, -10.260645], [-78.185596, -10.089063], [-78.275586, -9.810352], [-78.356494, -9.652051], [-78.445654, -9.370605], [-78.580127, -9.156641], [-78.6646, -8.971094], [-78.75459, -8.74043], [-78.762256, -8.616992], [-78.925391, -8.40459], [-79.012256, -8.210156], [-79.164404, -8.047168], [-79.312842, -7.923242], [-79.377246, -7.835547], [-79.588867, -7.418945], [-79.617725, -7.295605], [-79.761963, -7.066504], [-79.904687, -6.90166], [-79.994971, -6.768945], [-80.110254, -6.649609], [-80.811621, -6.282227], [-81.058447, -6.129395], [-81.142041, -6.056738], [-81.180518, -5.942383], [-81.164307, -5.875293], [-81.091846, -5.812402], [-80.99165, -5.860938], [-80.930664, -5.84082], [-80.882715, -5.758984], [-80.881934, -5.635059], [-80.943115, -5.475391], [-81.167676, -5.16709], [-81.150732, -5.101855], [-81.108496, -5.027832], [-81.195068, -4.879492], [-81.289404, -4.760742], [-81.336621, -4.669531], [-81.283203, -4.322266], [-81.232031, -4.234277], [-80.891943, -3.881641], [-80.798584, -3.731055], [-80.652734, -3.638184], [-80.503662, -3.496094], [-80.324658, -3.387891], [-80.29834, -3.406445], [-80.273535, -3.424609], [-80.271875, -3.461035], [-80.265234, -3.49248], [-80.24541, -3.522168], [-80.24375, -3.576758], [-80.220605, -3.613184], [-80.218945, -3.654492], [-80.217285, -3.710742], [-80.228857, -3.738867], [-80.217578, -3.787695], [-80.179248, -3.877734], [-80.194141, -3.905859], [-80.230518, -3.924023], [-80.266895, -3.948828], [-80.303271, -4.005078], [-80.357861, -4.003418], [-80.437207, -3.978613], [-80.490137, -4.010059], [-80.51001, -4.069531], [-80.493457, -4.119141], [-80.488477, -4.165527], [-80.45376, -4.205176], [-80.352881, -4.208496], [-80.443848, -4.33584], [-80.488477, -4.393652], [-80.478564, -4.430078], [-80.42417, -4.461426], [-80.383496, -4.463672], [-80.293359, -4.416797], [-80.232178, -4.349023], [-80.197461, -4.311035], [-80.139551, -4.296094], [-80.063525, -4.327539], [-79.962891, -4.390332], [-79.845117, -4.445898], [-79.797266, -4.476367], [-79.710986, -4.467578], [-79.638525, -4.454883], [-79.577686, -4.500586], [-79.516162, -4.53916], [-79.501904, -4.670605], [-79.455762, -4.766211], [-79.399414, -4.840039], [-79.330957, -4.927832], [-79.268115, -4.957617], [-79.18667, -4.958203], [-79.07627, -4.990625], [-79.033301, -4.969141], [-78.995264, -4.908008], [-78.975391, -4.873242], [-78.919189, -4.858398], [-78.914209, -4.818652], [-78.925781, -4.770703], [-78.907617, -4.714453], [-78.861523, -4.665039], [-78.743066, -4.592676], [-78.686035, -4.562402], [-78.674463, -4.517676], [-78.65293, -4.458203], [-78.66123, -4.425098], [-78.685156, -4.383984], [-78.679395, -4.325879], [-78.647998, -4.248145], [-78.603369, -4.157324], [-78.565137, -4.041602], [-78.550439, -3.986914], [-78.509082, -3.952148], [-78.493457, -3.902051], [-78.471045, -3.843066], [-78.419775, -3.776855], [-78.421436, -3.705762], [-78.399951, -3.674316], [-78.398047, -3.594824], [-78.347266, -3.43125], [-78.345361, -3.397363], [-78.323047, -3.388281], [-78.28418, -3.399023], [-78.250732, -3.436133], [-78.240381, -3.472559], [-78.226318, -3.48916], [-78.194873, -3.48584], [-78.158496, -3.465137], [-78.160986, -3.432129], [-78.187451, -3.399805], [-78.194629, -3.380469], [-78.183301, -3.350195], [-78.128223, -3.283887], [-78.06792, -3.206836], [-77.938477, -3.046973], [-77.860596, -2.981641], [-77.658984, -2.912402], [-77.506494, -2.859961], [-77.360059, -2.809668], [-77.161475, -2.737695], [-76.880762, -2.635938], [-76.679102, -2.562598], [-76.499365, -2.432324], [-76.360156, -2.331348], [-76.240918, -2.243945], [-76.089795, -2.133105], [-75.885449, -1.893457], [-75.744531, -1.728125], [-75.64165, -1.607324], [-75.570557, -1.53125], [-75.513867, -1.316309], [-75.44917, -1.071191], [-75.42041, -0.962207], [-75.408057, -0.924316], [-75.380127, -0.940234], [-75.348193, -0.966797], [-75.30918, -0.968066], [-75.272412, -0.966797], [-75.249609, -0.951855], [-75.283594, -0.707129], [-75.278711, -0.653906], [-75.259375, -0.590137], [-75.263232, -0.555371], [-75.325244, -0.506543], [-75.424707, -0.408887], [-75.465967, -0.321777], [-75.491064, -0.24834], [-75.560596, -0.200098], [-75.632031, -0.157617], [-75.62627, -0.122852], [-75.58374, -0.122852], [-75.475977, -0.157129], [-75.398389, -0.145996], [-75.340479, -0.142188], [-75.284473, -0.106543], [-75.224609, -0.041748], [-75.184082, -0.041748], [-75.138379, -0.050488], [-75.054688, -0.116699], [-75.00498, -0.155859], [-74.945312, -0.188184], [-74.888818, -0.199414], [-74.8375, -0.20332], [-74.801758, -0.200098], [-74.780469, -0.244531], [-74.755371, -0.298633], [-74.69165, -0.335254], [-74.616357, -0.37002], [-74.555078, -0.429883], [-74.513867, -0.470117], [-74.465186, -0.517676], [-74.417871, -0.580664], [-74.374902, -0.691406], [-74.353125, -0.766602], [-74.328613, -0.808398], [-74.334424, -0.850879], [-74.283887, -0.927832], [-74.246387, -0.970605], [-74.180762, -0.997754], [-74.054395, -1.028613], [-73.986816, -1.098145], [-73.926953, -1.125195], [-73.863184, -1.19668], [-73.807178, -1.217969], [-73.735742, -1.21416], [-73.664307, -1.248828], [-73.610254, -1.316406], [-73.575488, -1.401367], [-73.521387, -1.449707], [-73.494336, -1.536621], [-73.525244, -1.638867], [-73.496289, -1.693066], [-73.440283, -1.737402], [-73.349512, -1.783887], [-73.266455, -1.772266], [-73.223975, -1.787695], [-73.196973, -1.830273], [-73.181494, -1.880371], [-73.145215, -2.00332], [-73.126514, -2.081055], [-73.160205, -2.156348], [-73.172656, -2.208398], [-73.154492, -2.278223], [-73.068164, -2.312012], [-72.989648, -2.339746], [-72.941113, -2.394043], [-72.887158, -2.408496], [-72.81123, -2.405469], [-72.71416, -2.392188], [-72.660156, -2.361035], [-72.625342, -2.35166], [-72.586719, -2.365137], [-72.500684, -2.39502], [-72.395605, -2.428906], [-72.300732, -2.409277], [-72.218457, -2.400488], [-72.136816, -2.380664], [-72.053809, -2.324609], [-71.984277, -2.326563], [-71.932471, -2.288672], [-71.867285, -2.227734], [-71.802734, -2.166309], [-71.752539, -2.152734], [-71.671484, -2.182129], [-71.559473, -2.224219], [-71.496094, -2.279199], [-71.447461, -2.29375], [-71.396973, -2.334082], [-71.300098, -2.334863], [-71.196387, -2.313086], [-71.113379, -2.24541], [-71.027295, -2.225781], [-70.968555, -2.206836], [-70.914551, -2.218555], [-70.705371, -2.341992], [-70.647998, -2.405762], [-70.575879, -2.418262], [-70.516797, -2.453125], [-70.418213, -2.490723], [-70.36416, -2.529297], [-70.294629, -2.552539], [-70.244434, -2.606543], [-70.164746, -2.639844], [-70.09585, -2.658203], [-70.064746, -2.70166], [-70.064453, -2.730762], [-70.074023, -2.750195], [-70.14707, -2.864063], [-70.290137, -3.087305], [-70.418994, -3.288281], [-70.62168, -3.60459], [-70.735107, -3.781543], [-70.706201, -3.788965], [-70.529687, -3.866406], [-70.48584, -3.869336], [-70.421094, -3.849609], [-70.379199, -3.81875], [-70.339502, -3.814355], [-70.298437, -3.844238], [-70.240283, -3.882715], [-70.198389, -3.995117], [-70.167529, -4.050195], [-70.094775, -4.092188], [-70.017187, -4.162012], [-69.965918, -4.235938]]]}}, {"type": "Feature", "properties": {"nombre": "Paraguay", "iso": "PRY"}, "geometry": {"type": "Polygon", "coordinates": [[[-58.159766, -20.164648], [-58.137793, -20.237305], [-58.124609, -20.293457], [-58.091504, -20.333203], [-58.058447, -20.386133], [-58.025391, -20.41582], [-58.002246, -20.46543], [-58.008838, -20.52168], [-57.995605, -20.594434], [-57.979053, -20.657324], [-57.9625, -20.673828], [-57.915137, -20.690332], [-57.891406, -20.747461], [-57.908496, -20.776367], [-57.901904, -20.809375], [-57.884814, -20.841699], [-57.900488, -20.873047], [-57.892236, -20.89707], [-57.86001, -20.918555], [-57.830225, -20.997949], [-57.826953, -21.133594], [-57.86001, -21.20625], [-57.886475, -21.26582], [-57.893066, -21.302246], [-57.873242, -21.355078], [-57.906299, -21.417969], [-57.945996, -21.494043], [-57.936084, -21.546973], [-57.929443, -21.596582], [-57.926172, -21.649512], [-57.916211, -21.699121], [-57.929443, -21.751953], [-57.942676, -21.79834], [-57.949316, -21.851172], [-57.932764, -21.910742], [-57.9625, -21.966992], [-57.979053, -22.006641], [-57.985693, -22.046387], [-57.955908, -22.10918], [-57.879834, -22.135645], [-57.820312, -22.142285], [-57.764062, -22.10918], [-57.721094, -22.099219], [-57.641699, -22.129004], [-57.568945, -22.181934], [-57.476367, -22.188574], [-57.393652, -22.198438], [-57.330859, -22.215039], [-57.238232, -22.195215], [-57.142334, -22.215039], [-57.029883, -22.244824], [-56.937256, -22.271289], [-56.844678, -22.264648], [-56.775195, -22.261328], [-56.702441, -22.231543], [-56.633008, -22.234863], [-56.580078, -22.181934], [-56.550293, -22.135645], [-56.523828, -22.102539], [-56.447803, -22.076172], [-56.394873, -22.092676], [-56.351855, -22.178613], [-56.275781, -22.228223], [-56.246045, -22.264648], [-56.189844, -22.281152], [-56.06748, -22.284473], [-55.991406, -22.281152], [-55.905371, -22.307617], [-55.84917, -22.307617], [-55.799561, -22.353906], [-55.753271, -22.410156], [-55.746631, -22.512695], [-55.703662, -22.59209], [-55.647412, -22.621875], [-55.617676, -22.671484], [-55.627588, -22.740918], [-55.654053, -22.810352], [-55.650732, -22.886426], [-55.620996, -22.955859], [-55.620996, -23.025293], [-55.601123, -23.094727], [-55.561426, -23.154297], [-55.548193, -23.250195], [-55.554834, -23.319629], [-55.528369, -23.359375], [-55.518457, -23.415625], [-55.534961, -23.461914], [-55.541602, -23.524707], [-55.538281, -23.580957], [-55.518457, -23.627246], [-55.458887, -23.686719], [-55.442383, -23.792578], [-55.442383, -23.865332], [-55.415918, -23.951367], [-55.366309, -23.991016], [-55.286914, -24.004297], [-55.194336, -24.01748], [-55.081885, -23.997656], [-54.982666, -23.974512], [-54.926465, -23.951367], [-54.817285, -23.888477], [-54.721387, -23.852148], [-54.671777, -23.829004], [-54.625488, -23.8125], [-54.52959, -23.852148], [-54.440234, -23.901758], [-54.370801, -23.971191], [-54.241797, -24.047266], [-54.266895, -24.06582], [-54.318262, -24.128125], [-54.317285, -24.20127], [-54.281006, -24.306055], [-54.312939, -24.528125], [-54.412988, -24.86748], [-54.454102, -25.065234], [-54.43623, -25.121289], [-54.473145, -25.220215], [-54.610547, -25.432715], [-54.615869, -25.576074], [-54.631934, -26.005762], [-54.677734, -26.308789], [-54.755078, -26.53291], [-54.825488, -26.652246], [-54.888916, -26.666797], [-54.934473, -26.702539], [-54.962158, -26.759375], [-55.013623, -26.806641], [-55.088867, -26.844531], [-55.129639, -26.886035], [-55.135937, -26.931152], [-55.208008, -26.960156], [-55.345801, -26.973145], [-55.42666, -27.009277], [-55.450635, -27.068359], [-55.496729, -27.115332], [-55.564893, -27.15], [-55.597266, -27.207617], [-55.593799, -27.288086], [-55.63291, -27.357129], [-55.714648, -27.414844], [-55.78999, -27.416406], [-55.859033, -27.361914], [-55.951465, -27.325684], [-56.067334, -27.307715], [-56.164062, -27.321484], [-56.241699, -27.366797], [-56.310547, -27.43877], [-56.370508, -27.537402], [-56.437158, -27.553809], [-56.510547, -27.487891], [-56.603369, -27.467871], [-56.715723, -27.49375], [-56.805176, -27.484668], [-56.871729, -27.440625], [-56.973975, -27.435742], [-57.111816, -27.470117], [-57.39126, -27.430469], [-57.812207, -27.316602], [-58.168262, -27.273438], [-58.604834, -27.314355], [-58.641748, -27.196094], [-58.618604, -27.132129], [-58.547705, -27.083984], [-58.503223, -27.029492], [-58.485254, -26.968457], [-58.436328, -26.921973], [-58.356445, -26.890039], [-58.322559, -26.857617], [-58.334668, -26.824902], [-58.317676, -26.795898], [-58.27168, -26.770703], [-58.245557, -26.731055], [-58.239355, -26.676855], [-58.22207, -26.65], [-58.191309, -26.62998], [-58.187939, -26.592578], [-58.205176, -26.476562], [-58.203027, -26.381445], [-58.181494, -26.307422], [-58.154687, -26.262598], [-58.135645, -26.251465], [-58.118066, -26.224902], [-58.111133, -26.180176], [-58.082422, -26.138574], [-57.943115, -26.05293], [-57.890625, -26.006543], [-57.88623, -25.964258], [-57.865234, -25.906934], [-57.782471, -25.783691], [-57.75708, -25.725977], [-57.754785, -25.69707], [-57.725488, -25.667188], [-57.62583, -25.59873], [-57.57168, -25.53418], [-57.563135, -25.47373], [-57.587158, -25.405078], [-57.643896, -25.328418], [-57.82168, -25.136426], [-57.959814, -25.049219], [-58.136475, -24.977148], [-58.252783, -24.953809], [-58.308691, -24.979102], [-58.365381, -24.959277], [-58.422803, -24.894141], [-58.519629, -24.842871], [-58.724023, -24.786621], [-59.187256, -24.562305], [-59.372949, -24.453906], [-59.4354, -24.387012], [-59.608594, -24.266797], [-59.89248, -24.093555], [-60.110303, -24.00918], [-60.262207, -24.013965], [-60.505371, -23.963574], [-60.839844, -23.858105], [-61.03291, -23.755664], [-61.084717, -23.656445], [-61.208398, -23.557031], [-61.403955, -23.45752], [-61.505518, -23.391992], [-61.513037, -23.360449], [-61.570996, -23.319434], [-61.679492, -23.26875], [-61.798535, -23.182031], [-61.928027, -23.059277], [-62.066602, -22.869434], [-62.21416, -22.612402], [-62.37251, -22.43916], [-62.541553, -22.349609], [-62.625977, -22.29043], [-62.625684, -22.261523], [-62.650977, -22.233691], [-62.628516, -22.183984], [-62.566943, -21.988672], [-62.477832, -21.705273], [-62.385449, -21.411719], [-62.27666, -21.066016], [-62.276514, -20.820801], [-62.276318, -20.5625], [-62.121631, -20.349902], [-62.011816, -20.199023], [-61.916943, -20.055371], [-61.820898, -19.809473], [-61.756836, -19.645313], [-61.511816, -19.606445], [-61.095996, -19.520996], [-60.88877, -19.478516], [-60.451611, -19.38877], [-60.007373, -19.297559], [-59.540869, -19.291797], [-59.090527, -19.28623], [-58.741113, -19.490234], [-58.474219, -19.646094], [-58.180176, -19.817871], [-58.160059, -19.854883], [-58.139941, -19.998828], [-58.159766, -20.164648]]]}}, {"type": "Feature", "properties": {"nombre": "Chile", "iso": "CHL"}, "geometry": {"type": "MultiPolygon", "coordinates": [[[[-109.27998, -27.14043], [-109.434131, -27.171289], [-109.42915, -27.116211], [-109.390479, -27.068359], [-109.276465, -27.095898], [-109.222852, -27.101074], [-109.27998, -27.14043]]], [[[-78.80415, -33.646484], [-78.98335, -33.667773], [-78.989453, -33.661719], [-78.979297, -33.644141], [-78.938135, -33.613574], [-78.888281, -33.576367], [-78.877441, -33.575195], [-78.859033, -33.578125], [-78.838184, -33.585059], [-78.784668, -33.610156], [-78.768945, -33.627344], [-78.774707, -33.641602], [-78.80415, -33.646484]]], [[[-70.418262, -18.345605], [-70.37749, -18.333594], [-70.282275, -18.325391], [-70.183789, -18.325195], [-70.059082, -18.283496], [-69.926367, -18.206055], [-69.839697, -18.093457], [-69.802588, -17.990234], [-69.802441, -17.9], [-69.841504, -17.785156], [-69.8521, -17.703809], [-69.806104, -17.664941], [-69.684766, -17.649805], [-69.586426, -17.573242], [-69.510937, -17.506055], [-69.49502, -17.619531], [-69.358008, -17.77168], [-69.313379, -17.943164], [-69.282324, -17.964844], [-69.093945, -18.050488], [-69.09043, -18.070703], [-69.118066, -18.102734], [-69.145459, -18.144043], [-69.126367, -18.202441], [-69.092285, -18.282422], [-69.080957, -18.356641], [-69.060156, -18.433008], [-69.039404, -18.550098], [-69.026807, -18.65625], [-68.978857, -18.812988], [-68.969092, -18.909668], [-68.968311, -18.967969], [-68.931006, -19.025195], [-68.857959, -19.093359], [-68.759082, -19.162207], [-68.680664, -19.242383], [-68.620557, -19.29668], [-68.547852, -19.341113], [-68.491992, -19.381934], [-68.470166, -19.409961], [-68.462891, -19.432813], [-68.487012, -19.454395], [-68.575293, -19.560156], [-68.698291, -19.721094], [-68.696191, -19.740723], [-68.578271, -19.856543], [-68.559375, -19.902344], [-68.560693, -19.96709], [-68.600195, -20.044922], [-68.72749, -20.069629], [-68.755811, -20.09082], [-68.759326, -20.115527], [-68.730029, -20.148438], [-68.73457, -20.225195], [-68.688574, -20.310059], [-68.712305, -20.338965], [-68.759229, -20.378027], [-68.760547, -20.416211], [-68.745166, -20.458594], [-68.695801, -20.492969], [-68.499854, -20.612012], [-68.484326, -20.628418], [-68.487402, -20.640723], [-68.563184, -20.720117], [-68.571045, -20.769141], [-68.568945, -20.849805], [-68.558252, -20.901953], [-68.533838, -20.923633], [-68.435498, -20.948242], [-68.313867, -21.129688], [-68.197021, -21.300293], [-68.198535, -21.447266], [-68.186426, -21.618555], [-68.112158, -21.753027], [-68.101807, -21.860645], [-68.076758, -21.982813], [-67.988379, -22.057129], [-67.953906, -22.204004], [-67.944922, -22.282227], [-67.950391, -22.333691], [-67.881738, -22.493359], [-67.87373, -22.630566], [-67.88999, -22.729199], [-67.88916, -22.78418], [-67.879443, -22.822949], [-67.820508, -22.857715], [-67.794434, -22.879492], [-67.707324, -22.88916], [-67.579932, -22.891699], [-67.362256, -22.855176], [-67.194873, -22.82168], [-67.008789, -23.001367], [-67.089746, -23.245117], [-67.219141, -23.633984], [-67.319141, -23.934668], [-67.335596, -23.974805], [-67.356201, -24.033789], [-67.571777, -24.118945], [-67.88623, -24.243359], [-68.047363, -24.308301], [-68.250293, -24.391992], [-68.299512, -24.460352], [-68.358105, -24.497266], [-68.422559, -24.545117], [-68.447119, -24.596973], [-68.507275, -24.629785], [-68.562012, -24.747363], [-68.562012, -24.837695], [-68.527051, -24.899219], [-68.466309, -24.925195], [-68.447119, -24.998926], [-68.428027, -25.050977], [-68.384229, -25.091895], [-68.395215, -25.124707], [-68.430713, -25.149316], [-68.496338, -25.162988], [-68.54082, -25.236719], [-68.59209, -25.42002], [-68.600293, -25.485645], [-68.541895, -25.651563], [-68.51084, -25.741016], [-68.426758, -26.06543], [-68.414502, -26.153711], [-68.529834, -26.276953], [-68.575781, -26.351953], [-68.592187, -26.418066], [-68.591602, -26.47041], [-68.581152, -26.518359], [-68.485107, -26.670313], [-68.37334, -26.806445], [-68.318652, -26.877539], [-68.318652, -26.973242], [-68.345996, -27.02793], [-68.405371, -27.048145], [-68.537354, -27.085352], [-68.59209, -27.140039], [-68.652197, -27.14834], [-68.709619, -27.104492], [-68.769775, -27.11543], [-68.846338, -27.153711], [-68.875098, -27.24668], [-68.941992, -27.405176], [-68.999414, -27.449023], [-69.042187, -27.57002], [-69.118506, -27.743555], [-69.155273, -27.848145], [-69.174414, -27.924707], [-69.251221, -27.973633], [-69.340723, -28.070801], [-69.40957, -28.165332], [-69.436914, -28.192676], [-69.488867, -28.200879], [-69.527148, -28.285645], [-69.656934, -28.413574], [-69.687891, -28.562012], [-69.734912, -28.641113], [-69.743164, -28.783887], [-69.814844, -29.045508], [-69.827881, -29.103223], [-69.900342, -29.148828], [-69.995605, -29.25], [-70.026807, -29.324023], [-69.982617, -29.54541], [-69.927637, -29.769141], [-69.924121, -29.874023], [-69.945459, -30.016406], [-69.959961, -30.07832], [-69.923535, -30.103906], [-69.863379, -30.120313], [-69.844287, -30.175], [-69.888037, -30.213281], [-69.907129, -30.281641], [-69.956348, -30.358203], [-70.102002, -30.388281], [-70.153223, -30.360938], [-70.169629, -30.385547], [-70.161426, -30.440234], [-70.193945, -30.504688], [-70.269385, -30.677246], [-70.319238, -30.833984], [-70.348145, -30.902344], [-70.336426, -30.959766], [-70.311816, -30.992578], [-70.309082, -31.022656], [-70.350586, -31.060449], [-70.388379, -31.121094], [-70.429395, -31.129297], [-70.473096, -31.112793], [-70.51958, -31.148438], [-70.529053, -31.222852], [-70.554688, -31.317383], [-70.566406, -31.42793], [-70.585205, -31.569434], [-70.525635, -31.666406], [-70.450146, -31.841895], [-70.393848, -31.883789], [-70.330957, -31.881055], [-70.281738, -31.916602], [-70.254395, -31.957715], [-70.290918, -32.031055], [-70.355566, -32.042383], [-70.36377, -32.083496], [-70.344629, -32.176465], [-70.32002, -32.266699], [-70.257812, -32.309961], [-70.229785, -32.430664], [-70.169629, -32.47168], [-70.176953, -32.626074], [-70.116162, -32.807422], [-70.052051, -32.859961], [-70.021973, -32.88457], [-70.042139, -32.963672], [-70.093066, -33.026758], [-70.104004, -33.12793], [-70.084863, -33.201758], [-70.019824, -33.271484], [-69.969043, -33.279395], [-69.896191, -33.250977], [-69.819629, -33.283789], [-69.808691, -33.343945], [-69.797754, -33.398633], [-69.83877, -33.469727], [-69.882568, -33.600977], [-69.894336, -33.731348], [-69.881494, -33.929785], [-69.861523, -34.083594], [-69.857373, -34.180469], [-69.852441, -34.224316], [-69.879785, -34.254395], [-69.946338, -34.269922], [-70.002832, -34.27627], [-70.052051, -34.300781], [-70.062988, -34.35], [-70.101465, -34.432031], [-70.14126, -34.492871], [-70.210693, -34.58125], [-70.254687, -34.672656], [-70.289941, -34.732813], [-70.286768, -34.774512], [-70.312109, -34.85498], [-70.338135, -34.921777], [-70.393164, -35.146875], [-70.466602, -35.193652], [-70.525098, -35.216797], [-70.555176, -35.246875], [-70.532324, -35.30791], [-70.47041, -35.326172], [-70.448535, -35.375391], [-70.456738, -35.451953], [-70.415723, -35.523047], [-70.419727, -35.60918], [-70.380176, -35.771875], [-70.415723, -35.878516], [-70.403662, -35.970508], [-70.404785, -36.061719], [-70.456738, -36.132715], [-70.563379, -36.146387], [-70.621875, -36.211914], [-70.721924, -36.283203], [-70.732861, -36.340625], [-70.749268, -36.392578], [-70.790283, -36.411719], [-70.853174, -36.411719], [-70.905127, -36.419922], [-70.97793, -36.487305], [-71.055518, -36.52373], [-71.073242, -36.578027], [-71.066406, -36.644043], [-71.107422, -36.685059], [-71.159375, -36.761621], [-71.192187, -36.843652], [-71.159375, -36.920215], [-71.123828, -37.056934], [-71.118408, -37.114355], [-71.163477, -37.227441], [-71.200391, -37.300293], [-71.164893, -37.393262], [-71.134814, -37.445117], [-71.162842, -37.55918], [-71.186719, -37.631055], [-71.167578, -37.762305], [-71.096191, -37.909961], [-71.028174, -38.041211], [-71.018164, -38.193945], [-71.000488, -38.314844], [-70.967969, -38.445898], [-70.899658, -38.497852], [-70.847656, -38.541602], [-70.858643, -38.604492], [-70.896924, -38.681055], [-70.951611, -38.738477], [-71.087109, -38.75752], [-71.197266, -38.809375], [-71.285742, -38.84541], [-71.353174, -38.888867], [-71.401562, -38.935059], [-71.425586, -38.985645], [-71.409375, -39.205957], [-71.42002, -39.287207], [-71.465381, -39.402344], [-71.507764, -39.495215], [-71.525781, -39.523145], [-71.53125, -39.56416], [-71.539453, -39.602441], [-71.587012, -39.611133], [-71.654297, -39.594238], [-71.692578, -39.605176], [-71.719922, -39.635254], [-71.696826, -39.707031], [-71.67207, -39.833301], [-71.637891, -39.886816], [-71.647119, -39.929199], [-71.659766, -40.020801], [-71.704395, -40.094922], [-71.763672, -40.094629], [-71.801953, -40.124707], [-71.818311, -40.17666], [-71.800586, -40.244336], [-71.722656, -40.299707], [-71.695312, -40.335254], [-71.708984, -40.381738], [-71.769141, -40.400879], [-71.804639, -40.43916], [-71.838525, -40.524414], [-71.883789, -40.620605], [-71.932129, -40.691699], [-71.941357, -40.78916], [-71.873047, -40.892969], [-71.880713, -40.994629], [-71.885596, -41.292383], [-71.892187, -41.393359], [-71.871143, -41.560547], [-71.897607, -41.606641], [-71.911279, -41.650391], [-71.844482, -41.771973], [-71.77002, -41.968555], [-71.75, -42.046777], [-71.760937, -42.101465], [-71.860791, -42.147852], [-71.944092, -42.16709], [-71.993311, -42.134277], [-72.026123, -42.147949], [-72.064404, -42.205371], [-72.108203, -42.251855], [-72.124609, -42.29834], [-72.078125, -42.358496], [-72.053467, -42.473242], [-72.10542, -42.522461], [-72.143701, -42.577148], [-72.130029, -42.648242], [-72.113623, -42.776758], [-72.146436, -42.990039], [-72.102393, -43.065625], [-72.054688, -43.101953], [-71.898584, -43.145313], [-71.781494, -43.166797], [-71.750635, -43.237305], [-71.763867, -43.294629], [-71.820215, -43.322949], [-71.90498, -43.347559], [-71.90498, -43.440137], [-71.832422, -43.527148], [-71.750635, -43.590137], [-71.732764, -43.646777], [-71.737402, -43.704688], [-71.794727, -43.753223], [-71.715967, -43.858398], [-71.680078, -43.92959], [-71.716162, -43.984473], [-71.767187, -44.066699], [-71.812354, -44.106055], [-71.812109, -44.150781], [-71.830762, -44.241406], [-71.835059, -44.330176], [-71.82002, -44.383105], [-71.325732, -44.424902], [-71.212598, -44.441211], [-71.150879, -44.494043], [-71.159717, -44.560254], [-71.221484, -44.630762], [-71.261133, -44.763086], [-71.358154, -44.785156], [-71.455176, -44.749805], [-71.5604, -44.762012], [-71.65166, -44.77041], [-71.782812, -44.774414], [-71.957031, -44.791504], [-72.063721, -44.771875], [-72.07251, -44.82041], [-72.041699, -44.904199], [-71.812354, -44.930664], [-71.596289, -44.979199], [-71.531299, -45.067871], [-71.443457, -45.168262], [-71.35376, -45.230469], [-71.349316, -45.331934], [-71.49043, -45.437695], [-71.508105, -45.512695], [-71.693311, -45.534766], [-71.746191, -45.578906], [-71.772656, -45.724414], [-71.750635, -45.839063], [-71.680078, -45.878711], [-71.631543, -45.953711], [-71.684473, -46.041895], [-71.809277, -46.102734], [-71.875684, -46.160547], [-71.834131, -46.206738], [-71.777637, -46.27998], [-71.762109, -46.319824], [-71.731299, -46.427832], [-71.695215, -46.578418], [-71.699658, -46.651367], [-71.732715, -46.705859], [-71.856445, -46.791602], [-71.940234, -46.83125], [-71.956641, -46.936816], [-71.962988, -47.016016], [-71.954248, -47.0875], [-71.900537, -47.144336], [-71.90498, -47.20166], [-71.978516, -47.213867], [-72.041699, -47.241406], [-72.103418, -47.342773], [-72.28291, -47.446289], [-72.345947, -47.492676], [-72.341504, -47.57207], [-72.412598, -47.685547], [-72.472217, -47.78418], [-72.51792, -47.876367], [-72.509082, -47.97334], [-72.40791, -48.015918], [-72.32832, -48.110059], [-72.293018, -48.229102], [-72.354736, -48.36582], [-72.498145, -48.417383], [-72.582861, -48.475391], [-72.608398, -48.519336], [-72.585938, -48.6625], [-72.591748, -48.729688], [-72.614404, -48.792871], [-72.65127, -48.841602], [-72.728467, -48.896289], [-72.86543, -48.943945], [-72.981738, -48.976758], [-73.033643, -49.014355], [-73.09458, -49.096875], [-73.148877, -49.187988], [-73.135254, -49.300684], [-73.461572, -49.313867], [-73.483643, -49.397656], [-73.554199, -49.463867], [-73.57627, -49.58291], [-73.504541, -49.698047], [-73.47041, -49.794531], [-73.528906, -49.910938], [-73.507715, -50.030273], [-73.50127, -50.125293], [-73.386621, -50.231152], [-73.311719, -50.361914], [-73.27417, -50.472559], [-73.251611, -50.558496], [-73.221631, -50.610742], [-73.174512, -50.67002], [-73.15293, -50.738281], [-73.082373, -50.760352], [-72.955566, -50.696484], [-72.865918, -50.653125], [-72.803613, -50.637695], [-72.62041, -50.647656], [-72.509814, -50.60752], [-72.460156, -50.611719], [-72.392578, -50.634277], [-72.340234, -50.681836], [-72.300635, -50.789551], [-72.276318, -50.910254], [-72.307373, -51.033398], [-72.35918, -51.060156], [-72.376807, -51.09541], [-72.35918, -51.17041], [-72.301855, -51.22334], [-72.303223, -51.298926], [-72.366406, -51.470313], [-72.407666, -51.54082], [-72.334521, -51.620313], [-72.268994, -51.691113], [-72.136963, -51.744043], [-72.028418, -51.818652], [-71.953467, -51.880371], [-71.971094, -51.96416], [-71.918652, -51.989551], [-71.716602, -51.991309], [-71.414746, -51.993945], [-70.943164, -51.998145], [-70.482861, -52.002246], [-69.960254, -52.008203], [-69.712598, -52.075391], [-69.488428, -52.136133], [-69.206201, -52.136133], [-68.924561, -52.208105], [-68.715186, -52.255469], [-68.589795, -52.27334], [-68.460986, -52.29043], [-68.443359, -52.356641], [-69.007227, -52.262695], [-69.133789, -52.211426], [-69.241016, -52.205469], [-69.446875, -52.269434], [-69.560596, -52.421582], [-69.620312, -52.464746], [-69.76333, -52.505566], [-69.907227, -52.513574], [-70.390967, -52.66084], [-70.562939, -52.673438], [-70.680322, -52.7125], [-70.795117, -52.76875], [-70.839062, -52.889551], [-70.821191, -52.963086], [-70.952051, -53.226953], [-70.984326, -53.373633], [-70.985107, -53.44834], [-70.947803, -53.57041], [-70.99585, -53.779297], [-71.082812, -53.825], [-71.297754, -53.883398], [-71.443896, -53.840918], [-71.693799, -53.803125], [-71.871875, -53.722656], [-72.100928, -53.66582], [-72.174414, -53.632324], [-72.376807, -53.471191], [-72.398242, -53.417773], [-72.412891, -53.350195], [-72.306055, -53.253711], [-72.248633, -53.24668], [-72.081152, -53.249609], [-71.941699, -53.234082], [-71.852734, -53.285742], [-71.828223, -53.39834], [-71.867334, -53.458398], [-71.902783, -53.495508], [-71.891699, -53.523535], [-71.791455, -53.48457], [-71.740527, -53.232617], [-71.400342, -53.107031], [-71.288965, -53.033691], [-71.180225, -52.920508], [-71.163281, -52.888086], [-71.155078, -52.845605], [-71.227148, -52.810645], [-71.387744, -52.764258], [-71.897998, -53.001758], [-72.129102, -53.064355], [-72.278027, -53.132324], [-72.458301, -53.254492], [-72.492578, -53.290625], [-72.530811, -53.37168], [-72.548926, -53.460742], [-72.726807, -53.42002], [-72.998389, -53.290723], [-73.052734, -53.243457], [-72.998242, -53.177246], [-72.915527, -53.121973], [-72.909912, -52.936523], [-72.88916, -52.871582], [-72.831885, -52.819531], [-72.727686, -52.762305], [-72.675977, -52.749023], [-72.63208, -52.773828], [-72.626611, -52.817578], [-72.453467, -52.814453], [-72.117578, -52.65], [-71.979297, -52.646094], [-71.79707, -52.682813], [-71.591211, -52.660742], [-71.55415, -52.643945], [-71.511279, -52.605371], [-71.664746, -52.560059], [-71.811914, -52.537012], [-72.225684, -52.520996], [-72.315381, -52.538574], [-72.437695, -52.625781], [-72.478271, -52.604004], [-72.504395, -52.560059], [-72.644824, -52.529102], [-72.712109, -52.535547], [-72.776562, -52.577441], [-72.766016, -52.642578], [-72.801904, -52.712402], [-72.931885, -52.781641], [-73.020264, -52.891797], [-73.016113, -52.977441], [-73.022998, -53.02207], [-73.055469, -53.045605], [-73.122461, -53.073926], [-73.338184, -53.054688], [-73.459863, -52.964844], [-73.50752, -52.903516], [-73.645215, -52.837012], [-73.345947, -52.754297], [-73.24082, -52.707129], [-73.144824, -52.601953], [-73.073193, -52.535059], [-73.123926, -52.487988], [-73.183789, -52.487891], [-73.178174, -52.562695], [-73.244141, -52.624023], [-73.382129, -52.595117], [-73.585693, -52.685742], [-73.71084, -52.661523], [-73.914697, -52.688184], [-74.014453, -52.639355], [-74.03584, -52.577246], [-73.999902, -52.512598], [-74.037354, -52.40293], [-74.093506, -52.37627], [-74.15083, -52.38252], [-74.176562, -52.317188], [-74.238477, -52.202344], [-74.265967, -52.171289], [-74.295654, -52.117871], [-74.264941, -52.104883], [-74.194922, -52.120215], [-74.133545, -52.154785], [-74.040234, -52.15918], [-73.834473, -52.233984], [-73.749121, -52.216016], [-73.702783, -52.198828], [-73.6854, -52.136719], [-73.684326, -52.077734], [-73.649023, -52.077734], [-73.532227, -52.153125], [-73.457959, -52.145996], [-73.326758, -52.165918], [-73.260449, -52.157813], [-73.137354, -52.129688], [-72.943701, -52.046875], [-72.843213, -51.961133], [-72.79502, -51.949512], [-72.7354, -51.960547], [-72.695459, -51.985156], [-72.694824, -52.044727], [-72.649561, -52.099902], [-72.587988, -52.145117], [-72.57085, -52.200098], [-72.583447, -52.254199], [-72.693604, -52.330273], [-72.714014, -52.356738], [-72.677051, -52.384668], [-72.631494, -52.371582], [-72.568701, -52.333984], [-72.53291, -52.282324], [-72.52334, -52.255469], [-72.519336, -52.21709], [-72.524121, -52.170312], [-72.613574, -52.037012], [-72.624756, -52.006934], [-72.624609, -51.946484], [-72.522852, -51.890918], [-72.494141, -51.847559], [-72.489648, -51.763672], [-72.542529, -51.706152], [-72.76123, -51.573242], [-73.126758, -51.439941], [-73.16875, -51.453906], [-73.197021, -51.478027], [-73.163379, -51.495605], [-73.11499, -51.504492], [-72.789355, -51.614258], [-72.70459, -51.67793], [-72.649072, -51.69502], [-72.583301, -51.737305], [-72.600049, -51.799121], [-72.928369, -51.859863], [-73.188672, -51.990625], [-73.383252, -52.07002], [-73.518164, -52.041016], [-73.582324, -51.960352], [-73.650293, -51.85625], [-73.752637, -51.795508], [-73.810645, -51.801172], [-73.857568, -51.789941], [-73.894434, -51.757812], [-73.973242, -51.784473], [-74.146436, -51.712109], [-74.19668, -51.680566], [-74.06958, -51.578711], [-73.929785, -51.617871], [-73.895898, -51.331445], [-73.939502, -51.266309], [-74.12124, -51.19541], [-74.210498, -51.20459], [-74.332324, -51.19502], [-74.414355, -51.1625], [-74.507861, -51.149609], [-74.586865, -51.130664], [-74.690088, -51.086523], [-74.814746, -51.062891], [-74.983105, -50.881055], [-75.055322, -50.785547], [-75.094678, -50.68125], [-74.836621, -50.678906], [-74.685742, -50.662012], [-74.648926, -50.618457], [-74.702051, -50.535352], [-74.775879, -50.469922], [-74.72168, -50.408496], [-74.644482, -50.360938], [-74.564111, -50.382031], [-74.365576, -50.487891], [-74.331445, -50.55957], [-74.190186, -50.778027], [-74.156104, -50.797461], [-74.139404, -50.817773], [-73.847461, -50.940039], [-73.806543, -50.938379], [-73.824609, -50.83584], [-73.740576, -50.69668], [-73.659033, -50.650684], [-73.618164, -50.651172], [-73.613965, -50.62793], [-73.693262, -50.57002], [-73.654443, -50.492676], [-73.679932, -50.490234], [-73.750195, -50.539844], [-73.891504, -50.782715], [-73.978027, -50.827051], [-74.096729, -50.71709], [-74.164111, -50.637891], [-74.197217, -50.609766], [-74.185596, -50.485352], [-73.950342, -50.510547], [-74.031055, -50.469824], [-74.305566, -50.398047], [-74.374121, -50.362988], [-74.425098, -50.350195], [-74.516406, -50.265625], [-74.62959, -50.194043], [-74.434326, -50.065234], [-74.33374, -49.974609], [-74.019434, -50.022754], [-73.958594, -49.994727], [-74.01123, -49.928516], [-74.073291, -49.948535], [-74.171338, -49.907324], [-74.323926, -49.783398], [-74.31875, -49.720117], [-74.29082, -49.604102], [-74.230371, -49.579297], [-74.102002, -49.555371], [-73.955518, -49.593066], [-73.891553, -49.62373], [-73.836377, -49.609375], [-73.89248, -49.523438], [-73.988037, -49.490918], [-74.094434, -49.429688], [-74.083496, -49.361816], [-74.049219, -49.305664], [-74.023438, -49.244141], [-74.005615, -49.158008], [-74.015381, -49.090918], [-73.984766, -49.059961], [-73.937891, -49.046094], [-73.934961, -49.020898], [-74.027734, -49.026172], [-74.061328, -49.111035], [-74.073877, -49.188379], [-74.139795, -49.250488], [-74.167871, -49.320508], [-74.18457, -49.404395], [-74.221289, -49.500586], [-74.301514, -49.463965], [-74.348535, -49.42627], [-74.366553, -49.400488], [-74.358154, -49.351367], [-74.37998, -49.047852], [-74.382129, -48.793652], [-74.341016, -48.595703], [-74.227686, -48.516992], [-74.176221, -48.494141], [-74.129297, -48.504199], [-74.056934, -48.503613], [-74.009082, -48.475], [-74.171533, -48.427441], [-74.270068, -48.45459], [-74.342969, -48.492578], [-74.474414, -48.463965], [-74.499414, -48.362305], [-74.577197, -48.274414], [-74.590723, -48.161914], [-74.584668, -47.999023], [-74.400488, -48.013086], [-74.250439, -48.044922], [-73.853809, -48.042188], [-73.528174, -48.198242], [-73.384473, -48.177344], [-73.391064, -48.145898], [-73.500977, -48.106641], [-73.56958, -48.019336], [-73.609912, -47.993945], [-73.628906, -47.941504], [-73.635107, -47.880371], [-73.715869, -47.655469], [-73.748242, -47.661328], [-73.779248, -47.738477], [-73.84668, -47.866992], [-73.940869, -47.929395], [-74.084766, -47.954688], [-74.227051, -47.968945], [-74.350586, -47.944336], [-74.379346, -47.891211], [-74.376221, -47.829688], [-74.429688, -47.799609], [-74.569238, -47.772949], [-74.608887, -47.758008], [-74.654932, -47.702246], [-74.588428, -47.617969], [-74.533789, -47.567676], [-74.466895, -47.577637], [-74.403564, -47.600391], [-74.322559, -47.666699], [-74.242969, -47.679297], [-74.151953, -47.62666], [-74.134082, -47.59082], [-74.191016, -47.568359], [-74.24292, -47.559668], [-74.323682, -47.531445], [-74.482666, -47.430469], [-74.403271, -47.327539], [-74.215674, -47.20957], [-74.158398, -47.18252], [-74.208057, -47.083105], [-74.151904, -46.974414], [-74.209473, -46.884766], [-74.313574, -46.788184], [-74.454199, -46.766797], [-74.484424, -46.79502], [-74.489355, -46.83457], [-74.466992, -46.864355], [-74.480176, -46.88584], [-74.512256, -46.885156], [-74.69082, -46.863965], [-74.810645, -46.799707], [-75.005957, -46.741113], [-75.031445, -46.695312], [-75.052539, -46.628027], [-74.98418, -46.512109], [-75.01875, -46.510547], [-75.145752, -46.600098], [-75.337402, -46.64707], [-75.478418, -46.662402], [-75.540332, -46.69873], [-75.565088, -46.728711], [-75.527588, -46.746387], [-75.445996, -46.750781], [-75.386426, -46.862695], [-75.401221, -46.905664], [-75.430371, -46.93457], [-75.496631, -46.940137], [-75.635254, -46.862793], [-75.708105, -46.775], [-75.706396, -46.705273], [-75.656787, -46.610352], [-75.436914, -46.483008], [-75.376025, -46.429102], [-75.247021, -46.369336], [-75.074854, -46.23457], [-74.924463, -46.159668], [-74.997656, -46.097656], [-75.074512, -46.004492], [-75.066699, -45.874902], [-74.763135, -45.823633], [-74.630664, -45.844727], [-74.462793, -45.840723], [-74.369141, -45.809668], [-74.301172, -45.803027], [-74.157861, -45.767188], [-74.096191, -45.716797], [-74.081836, -45.67832], [-74.08252, -45.644727], [-74.099268, -45.603418], [-74.122705, -45.496191], [-74.098926, -45.460352], [-74.037549, -45.417676], [-73.957178, -45.404395], [-73.920312, -45.407715], [-73.825, -45.446875], [-73.844141, -45.502441], [-73.882324, -45.569336], [-73.960254, -45.835254], [-73.999512, -45.895313], [-74.061035, -45.947363], [-74.019922, -46.055859], [-74.081543, -46.131836], [-74.356787, -46.212695], [-74.392969, -46.217383], [-74.372461, -46.246289], [-74.213135, -46.239453], [-74.089746, -46.222363], [-73.967578, -46.154102], [-73.929199, -46.049902], [-73.878711, -45.846875], [-73.812549, -45.818164], [-73.735254, -45.811719], [-73.694873, -45.85957], [-73.70791, -45.966699], [-73.708154, -46.070312], [-73.810645, -46.377344], [-73.934814, -46.500684], [-73.948633, -46.533105], [-73.94375, -46.571582], [-73.845361, -46.566016], [-73.770264, -46.499805], [-73.716211, -46.415234], [-73.662061, -46.297461], [-73.668213, -46.212109], [-73.65166, -46.159277], [-73.629443, -45.986523], [-73.591846, -45.899121], [-73.594336, -45.776855], [-73.661963, -45.730762], [-73.756592, -45.702832], [-73.780371, -45.62793], [-73.730762, -45.47998], [-73.549902, -45.483789], [-73.378564, -45.382812], [-73.266211, -45.346191], [-73.202344, -45.353809], [-72.978174, -45.451172], [-72.933838, -45.452344], [-72.94082, -45.417285], [-72.975537, -45.392578], [-73.063867, -45.359766], [-73.226367, -45.255176], [-73.444971, -45.238184], [-73.404883, -45.102344], [-73.362451, -44.978223], [-73.256445, -44.961035], [-73.078418, -44.920215], [-72.738965, -44.73418], [-72.680078, -44.593945], [-72.663867, -44.436426], [-72.827539, -44.39541], [-73.001025, -44.292383], [-73.140967, -44.2375], [-73.265088, -44.168652], [-73.240723, -44.065723], [-73.224463, -43.897949], [-73.068799, -43.862012], [-72.996582, -43.631543], [-73.100977, -43.455176], [-73.075977, -43.323633], [-72.93999, -43.211328], [-72.915479, -43.133594], [-72.878027, -43.048145], [-72.758008, -43.039453], [-72.755371, -42.992969], [-72.766016, -42.908203], [-72.844971, -42.808008], [-72.848047, -42.669141], [-72.773926, -42.505176], [-72.654834, -42.516602], [-72.631836, -42.509668], [-72.716309, -42.410449], [-72.785156, -42.30127], [-72.773242, -42.257715], [-72.707373, -42.220508], [-72.631055, -42.199805], [-72.548437, -42.255762], [-72.430273, -42.433887], [-72.412354, -42.388184], [-72.460107, -42.206641], [-72.499414, -41.980859], [-72.623975, -42.010547], [-72.738184, -41.994629], [-72.781201, -41.95957], [-72.824072, -41.908789], [-72.783838, -41.846777], [-72.743701, -41.800586], [-72.659863, -41.74248], [-72.486035, -41.72207], [-72.3604, -41.649121], [-72.318262, -41.499023], [-72.359473, -41.513867], [-72.427734, -41.645898], [-72.542383, -41.690625], [-72.60083, -41.684082], [-72.669775, -41.659375], [-72.805127, -41.544336], [-72.87998, -41.517578], [-72.952832, -41.514746], [-73.01499, -41.543848], [-73.174072, -41.746582], [-73.241797, -41.780859], [-73.521289, -41.79707], [-73.624023, -41.773633], [-73.735156, -41.74248], [-73.721875, -41.69248], [-73.688086, -41.639258], [-73.625049, -41.611914], [-73.623926, -41.581348], [-73.710645, -41.573633], [-73.810742, -41.51748], [-73.855029, -41.446387], [-73.876172, -41.319336], [-73.965869, -41.118262], [-73.983594, -40.974316], [-73.920312, -40.871582], [-73.784033, -40.468457], [-73.74248, -40.262988], [-73.669434, -40.082324], [-73.670996, -39.963184], [-73.482227, -39.854297], [-73.4104, -39.78916], [-73.249902, -39.422363], [-73.226465, -39.224414], [-73.480762, -38.624023], [-73.520215, -38.509375], [-73.532568, -38.366797], [-73.471875, -38.130078], [-73.464795, -38.040332], [-73.516748, -37.910547], [-73.661816, -37.698535], [-73.6646, -37.59043], [-73.603418, -37.479102], [-73.662402, -37.341016], [-73.633643, -37.255469], [-73.60166, -37.188477], [-73.374561, -37.224316], [-73.271094, -37.207422], [-73.215967, -37.166895], [-73.172852, -37.053516], [-73.15127, -36.876172], [-73.137793, -36.799902], [-73.118066, -36.688379], [-73.006592, -36.643457], [-72.967822, -36.537793], [-72.874561, -36.39043], [-72.778418, -35.978516], [-72.683398, -35.876953], [-72.587354, -35.759668], [-72.623926, -35.585742], [-72.562061, -35.505371], [-72.505176, -35.446973], [-72.45498, -35.34082], [-72.386719, -35.24043], [-72.223779, -35.096191], [-72.182422, -34.920215], [-72.055957, -34.61582], [-72.030762, -34.420508], [-71.991504, -34.288477], [-72.002832, -34.165332], [-71.926855, -34.015625], [-71.853955, -33.889551], [-71.830957, -33.819531], [-71.664355, -33.652637], [-71.636279, -33.519238], [-71.695508, -33.429004], [-71.696582, -33.289062], [-71.742969, -33.095117], [-71.635547, -33.022559], [-71.592041, -32.969531], [-71.452246, -32.65957], [-71.461426, -32.537891], [-71.421289, -32.386816], [-71.513037, -32.20791], [-71.525879, -31.805859], [-71.577295, -31.496387], [-71.661963, -31.169531], [-71.653906, -30.986621], [-71.705664, -30.759277], [-71.708936, -30.628027], [-71.669482, -30.330371], [-71.400391, -30.142969], [-71.348047, -29.933203], [-71.315723, -29.649707], [-71.326709, -29.443164], [-71.353271, -29.350391], [-71.48584, -29.198242], [-71.519238, -28.926465], [-71.493604, -28.855273], [-71.384082, -28.778711], [-71.306738, -28.672461], [-71.266846, -28.50752], [-71.186426, -28.377832], [-71.154492, -28.064063], [-71.086523, -27.814453], [-71.052637, -27.727344], [-70.945801, -27.617871], [-70.925781, -27.588672], [-70.909277, -27.505176], [-70.914258, -27.30791], [-70.8979, -27.1875], [-70.812744, -26.950586], [-70.80293, -26.840918], [-70.708398, -26.596973], [-70.686963, -26.421777], [-70.646582, -26.329395], [-70.662256, -26.225391], [-70.635449, -25.992676], [-70.699609, -25.861133], [-70.713721, -25.78418], [-70.633008, -25.545605], [-70.578125, -25.4875], [-70.489502, -25.376465], [-70.452197, -25.251855], [-70.445361, -25.172656], [-70.558643, -24.778516], [-70.574121, -24.644336], [-70.546436, -24.331641], [-70.507422, -24.129688], [-70.520068, -23.968555], [-70.507422, -23.885742], [-70.487793, -23.781738], [-70.409961, -23.655566], [-70.392334, -23.565918], [-70.419629, -23.528516], [-70.511963, -23.482813], [-70.588135, -23.368359], [-70.593359, -23.255469], [-70.568848, -23.17334], [-70.563184, -23.057031], [-70.449658, -23.03418], [-70.38916, -22.969629], [-70.331689, -22.848633], [-70.259521, -22.556055], [-70.228516, -22.193164], [-70.185449, -21.974609], [-70.155078, -21.866602], [-70.12959, -21.64082], [-70.087549, -21.493066], [-70.080029, -21.356836], [-70.088379, -21.253223], [-70.197021, -20.725391], [-70.193652, -20.531445], [-70.147461, -20.229785], [-70.148145, -19.805078], [-70.157422, -19.705859], [-70.19834, -19.612988], [-70.2104, -19.486914], [-70.275781, -19.267578], [-70.334863, -18.827539], [-70.336084, -18.595215], [-70.361621, -18.398047], [-70.418262, -18.345605]]], [[[-68.629932, -52.652637], [-68.631689, -52.949512], [-68.633447, -53.241895], [-68.635059, -53.51543], [-68.63667, -53.788867], [-68.638232, -54.05293], [-68.639795, -54.324023], [-68.64751, -54.627832], [-68.653223, -54.853613], [-68.803857, -54.853613], [-68.843555, -54.876758], [-69.081641, -54.909863], [-69.486279, -54.858887], [-69.587549, -54.812793], [-69.723437, -54.712109], [-69.771826, -54.73916], [-69.899463, -54.781836], [-70.030518, -54.815527], [-70.138086, -54.819238], [-70.237793, -54.777539], [-70.259082, -54.756348], [-70.281738, -54.751758], [-70.497168, -54.80957], [-70.735156, -54.750586], [-70.924707, -54.714355], [-71.229248, -54.694141], [-71.440918, -54.619629], [-71.831543, -54.626172], [-71.901562, -54.601562], [-71.927734, -54.528711], [-71.906982, -54.494824], [-71.823437, -54.474414], [-71.800146, -54.433984], [-71.71582, -54.443652], [-71.606299, -54.497168], [-71.572754, -54.495313], [-71.500391, -54.444922], [-71.393408, -54.400195], [-71.355225, -54.39541], [-71.158838, -54.450586], [-71.079932, -54.444238], [-70.966455, -54.419531], [-70.946191, -54.398047], [-70.928174, -54.360059], [-70.898242, -54.337891], [-70.797266, -54.327246], [-70.698828, -54.348828], [-70.687549, -54.414746], [-70.701123, -54.485449], [-70.572998, -54.504395], [-70.41792, -54.502246], [-70.310986, -54.528516], [-70.297656, -54.485547], [-70.468311, -54.373242], [-70.53999, -54.303418], [-70.636133, -54.262305], [-70.759863, -54.241309], [-70.863086, -54.110449], [-70.856738, -53.995801], [-70.867725, -53.88418], [-70.644482, -53.822852], [-70.695605, -53.727441], [-70.61875, -53.655078], [-70.531299, -53.627344], [-70.443164, -53.893457], [-70.379736, -53.986719], [-70.460547, -54.005664], [-70.629834, -54.005566], [-70.535303, -54.136133], [-70.37998, -54.180664], [-70.246094, -54.277441], [-70.243359, -54.347656], [-70.168994, -54.379297], [-69.990137, -54.381348], [-69.866992, -54.36748], [-69.809082, -54.320801], [-69.741846, -54.305859], [-69.62168, -54.364063], [-69.419287, -54.407129], [-69.364795, -54.437598], [-69.325098, -54.488184], [-69.322461, -54.542676], [-69.312061, -54.571484], [-69.253174, -54.557422], [-69.169189, -54.483301], [-69.127881, -54.457617], [-69.077246, -54.44502], [-69.045215, -54.428418], [-69.044336, -54.406738], [-69.195654, -54.354395], [-69.988135, -54.109082], [-70.085596, -54.011133], [-70.151123, -53.888086], [-70.148828, -53.761133], [-70.091113, -53.721777], [-69.949707, -53.671582], [-69.689746, -53.600879], [-69.389941, -53.499414], [-69.352441, -53.47998], [-69.355957, -53.416309], [-69.393555, -53.373437], [-69.512549, -53.341992], [-69.637012, -53.334082], [-69.755615, -53.337207], [-69.874121, -53.350488], [-70.090381, -53.418164], [-70.212842, -53.413965], [-70.329297, -53.377637], [-70.415674, -53.304785], [-70.460254, -53.20625], [-70.459961, -53.143359], [-70.443359, -53.085547], [-70.390674, -53.026465], [-70.32002, -53.000684], [-70.256348, -53.004102], [-70.196484, -52.990234], [-70.160889, -52.969922], [-70.130615, -52.942773], [-70.139551, -52.919336], [-70.162744, -52.899023], [-70.25918, -52.857227], [-70.297363, -52.816992], [-70.380127, -52.751953], [-70.334912, -52.733789], [-70.189648, -52.723633], [-70.088232, -52.768555], [-69.993555, -52.821289], [-69.935449, -52.821094], [-69.883203, -52.799023], [-69.763574, -52.731348], [-69.663281, -52.646289], [-69.571875, -52.549316], [-69.498389, -52.491406], [-69.414062, -52.48623], [-69.167041, -52.667578], [-69.079932, -52.674316], [-68.789795, -52.576758], [-68.75752, -52.582031], [-68.659229, -52.631543], [-68.629932, -52.652637]]], [[[-67.079932, -55.153809], [-67.109473, -55.19209], [-67.172559, -55.242578], [-67.257422, -55.281836], [-67.339697, -55.292578], [-67.399268, -55.272266], [-67.429395, -55.236523], [-67.443262, -55.201172], [-67.463477, -55.181738], [-67.494727, -55.177441], [-67.535254, -55.178516], [-67.585205, -55.191992], [-67.691455, -55.242969], [-67.736963, -55.256445], [-67.767773, -55.25957], [-68.07002, -55.221094], [-68.099512, -55.206836], [-68.135107, -55.172656], [-68.174316, -55.071289], [-68.301367, -54.980664], [-68.106934, -54.929395], [-67.874121, -54.929688], [-67.424561, -54.968945], [-67.245264, -54.977637], [-67.107324, -55.063574], [-67.085498, -55.115234], [-67.079932, -55.153809]]], [[[-73.773389, -43.345898], [-73.848584, -43.366797], [-73.918701, -43.371973], [-73.989941, -43.356641], [-74.114404, -43.35791], [-74.238574, -43.318848], [-74.354932, -43.263574], [-74.387354, -43.231641], [-74.373145, -43.185742], [-74.289355, -43.079492], [-74.209473, -42.878711], [-74.156299, -42.590527], [-74.198828, -42.481348], [-74.193555, -42.436035], [-74.174072, -42.381543], [-74.164355, -42.325488], [-74.170312, -42.268945], [-74.160205, -42.216406], [-74.072314, -42.105859], [-74.059375, -42.05625], [-74.056836, -42.002344], [-74.018799, -41.890918], [-74.030518, -41.854004], [-74.063037, -41.822754], [-74.03667, -41.795508], [-73.730957, -41.877246], [-73.527832, -41.896289], [-73.516943, -41.980859], [-73.477783, -42.047168], [-73.454492, -42.165918], [-73.4229, -42.192871], [-73.439258, -42.277832], [-73.532812, -42.314453], [-73.524561, -42.392578], [-73.470801, -42.466309], [-73.549268, -42.492578], [-73.633887, -42.508203], [-73.653467, -42.528711], [-73.714746, -42.544727], [-73.789258, -42.585742], [-73.766846, -42.621875], [-73.673047, -42.704395], [-73.568262, -42.761621], [-73.510742, -42.847168], [-73.436328, -42.936523], [-73.472656, -42.993262], [-73.54082, -43.07373], [-73.649609, -43.127148], [-73.749658, -43.159082], [-73.737891, -43.291406], [-73.773389, -43.345898]]], [[[-74.476172, -49.147852], [-74.466797, -49.294531], [-74.483594, -49.441895], [-74.52207, -49.622949], [-74.515771, -49.65957], [-74.47085, -49.668555], [-74.458838, -49.691113], [-74.471973, -49.78623], [-74.496094, -49.859473], [-74.542578, -49.919141], [-74.569824, -49.990723], [-74.594727, -50.006641], [-74.703369, -50.019238], [-74.762988, -50.011426], [-74.81084, -49.929688], [-74.824707, -49.879492], [-74.821924, -49.813867], [-74.88042, -49.725879], [-74.882227, -49.692188], [-74.859326, -49.63418], [-74.812012, -49.605273], [-74.804834, -49.516016], [-74.781006, -49.489258], [-74.727051, -49.452344], [-74.718848, -49.437012], [-74.723828, -49.423828], [-74.743848, -49.422461], [-74.960107, -49.533008], [-74.981299, -49.56416], [-74.99082, -49.605664], [-74.993506, -49.751758], [-75.031543, -49.83623], [-75.066016, -49.852344], [-75.166943, -49.855957], [-75.300098, -49.847461], [-75.451172, -49.769922], [-75.549805, -49.791309], [-75.570117, -49.69707], [-75.520752, -49.62168], [-75.337061, -49.628223], [-75.305859, -49.494043], [-75.364209, -49.4625], [-75.428857, -49.408398], [-75.46748, -49.358887], [-75.433154, -49.32207], [-75.32666, -49.268652], [-75.269629, -49.262891], [-75.216846, -49.292773], [-75.086035, -49.270215], [-75.093701, -49.185352], [-75.210156, -49.148047], [-75.184229, -49.083594], [-75.037109, -49.02207], [-74.949219, -48.960156], [-74.945215, -48.889453], [-74.980762, -48.818848], [-74.969531, -48.791309], [-74.89624, -48.733203], [-74.793457, -48.705078], [-74.74668, -48.708887], [-74.651562, -48.749902], [-74.566602, -48.754785], [-74.546094, -48.766895], [-74.530664, -48.812598], [-74.476172, -49.147852]]], [[[-75.510254, -48.763477], [-75.622852, -48.764648], [-75.650928, -48.586328], [-75.518457, -48.328809], [-75.509033, -48.230664], [-75.553516, -48.156738], [-75.571484, -48.095898], [-75.560693, -48.070898], [-75.391406, -48.019727], [-75.338379, -48.074023], [-75.275488, -48.218457], [-75.155518, -48.425195], [-75.158496, -48.622656], [-75.225098, -48.671387], [-75.433984, -48.721191], [-75.510254, -48.763477]]], [[[-74.385742, -52.922363], [-74.369336, -52.931445], [-74.32998, -52.929297], [-74.274609, -52.945508], [-74.065967, -52.965332], [-73.879199, -53.012207], [-73.781787, -53.056055], [-73.654004, -53.069824], [-73.549268, -53.125684], [-73.504541, -53.140039], [-73.450586, -53.144336], [-73.310352, -53.247656], [-73.30249, -53.259473], [-73.143359, -53.340918], [-73.135205, -53.353906], [-73.225732, -53.358398], [-73.409375, -53.320508], [-73.501025, -53.318457], [-73.567285, -53.306836], [-73.582812, -53.300195], [-73.595947, -53.25293], [-73.61709, -53.229688], [-73.793506, -53.120703], [-73.866943, -53.096875], [-73.993994, -53.075781], [-74.138574, -53.090527], [-74.236377, -53.076465], [-74.270215, -53.081543], [-74.414404, -52.994922], [-74.558301, -52.921875], [-74.619922, -52.834766], [-74.711523, -52.768164], [-74.712012, -52.74873], [-74.669971, -52.733887], [-74.571533, -52.771289], [-74.474561, -52.835645], [-74.422266, -52.860059], [-74.385742, -52.922363]]], [[[-74.567285, -48.591992], [-74.586279, -48.615723], [-74.70957, -48.601172], [-74.923047, -48.626465], [-75.012842, -48.535742], [-75.052148, -48.391406], [-75.078906, -48.361523], [-75.131934, -48.279297], [-75.158496, -48.225293], [-75.212891, -48.141699], [-75.233887, -48.053418], [-75.247266, -48.026758], [-75.198291, -47.974609], [-74.975098, -47.922852], [-74.895654, -47.839355], [-74.827441, -47.850391], [-74.846191, -48.020801], [-74.805225, -48.078223], [-74.729297, -48.125879], [-74.715234, -48.145508], [-74.702393, -48.205859], [-74.664355, -48.299316], [-74.615137, -48.343066], [-74.602441, -48.370313], [-74.600146, -48.393066], [-74.618213, -48.425195], [-74.567285, -48.591992]]], [[[-72.923242, -53.481641], [-72.896289, -53.562793], [-72.882227, -53.57832], [-72.809375, -53.565332], [-72.685498, -53.55791], [-72.482275, -53.588086], [-72.459229, -53.598828], [-72.3729, -53.6875], [-72.306689, -53.725391], [-72.20542, -53.807422], [-72.30625, -53.862109], [-72.365967, -53.94082], [-72.369141, -53.980762], [-72.408545, -54.003809], [-72.470508, -54.027734], [-72.562891, -54.07373], [-72.676562, -54.078906], [-72.788623, -54.103125], [-72.840381, -54.125098], [-72.870996, -54.126563], [-72.907275, -54.114648], [-72.946094, -54.09209], [-72.958594, -54.065918], [-72.881738, -54.041602], [-72.781689, -53.954785], [-72.76377, -53.864844], [-72.871729, -53.848535], [-72.936133, -53.86084], [-72.984229, -53.860547], [-73.039453, -53.832813], [-73.073047, -53.875293], [-73.085547, -53.915918], [-73.07085, -53.978027], [-73.080762, -53.998047], [-73.119971, -54.009375], [-73.210645, -53.98584], [-73.304736, -53.943945], [-73.312158, -53.919629], [-73.292871, -53.83584], [-73.294922, -53.79209], [-73.314355, -53.729199], [-73.324805, -53.722656], [-73.360107, -53.724023], [-73.470947, -53.736133], [-73.581641, -53.655469], [-73.641504, -53.570312], [-73.845459, -53.545801], [-73.686523, -53.426855], [-73.44707, -53.410059], [-73.365869, -53.470215], [-73.099365, -53.511914], [-73.115332, -53.448047], [-73.110889, -53.425195], [-73.074316, -53.396777], [-73.053613, -53.394434], [-73.02207, -53.414551], [-72.970947, -53.423047], [-72.947266, -53.44248], [-72.923242, -53.481641]]], [[[-74.822949, -51.630176], [-74.780127, -51.824707], [-74.749512, -51.851855], [-74.647461, -51.866211], [-74.536816, -51.965137], [-74.531836, -51.991992], [-74.665967, -52.160059], [-74.694482, -52.279199], [-74.851807, -52.270703], [-74.917725, -52.152246], [-75.017139, -52.037891], [-75.050684, -51.903906], [-75.105371, -51.788867], [-75.008105, -51.72373], [-74.915186, -51.738281], [-74.909668, -51.65], [-74.822949, -51.630176]]], [[[-69.702979, -54.919043], [-68.900781, -55.017773], [-68.653516, -54.95791], [-68.458008, -54.959668], [-68.399805, -55.041992], [-68.598096, -55.12832], [-68.613281, -55.155566], [-68.585547, -55.177734], [-68.381738, -55.191602], [-68.330078, -55.219434], [-68.282666, -55.255176], [-68.322754, -55.308203], [-68.326562, -55.332715], [-68.30542, -55.356641], [-68.152588, -55.436914], [-68.089893, -55.47832], [-68.058301, -55.517969], [-68.045557, -55.5875], [-68.04834, -55.643164], [-68.082666, -55.650586], [-68.15708, -55.633691], [-68.229639, -55.601562], [-68.293359, -55.521387], [-68.338037, -55.505273], [-68.466699, -55.489063], [-68.594189, -55.45], [-68.693555, -55.452246], [-68.78501, -55.435645], [-68.867041, -55.450195], [-68.896143, -55.423828], [-68.931299, -55.370605], [-68.93208, -55.347363], [-68.888965, -55.263281], [-68.890088, -55.241211], [-68.912646, -55.238574], [-69.008203, -55.255762], [-69.046826, -55.244336], [-69.150781, -55.183398], [-69.192627, -55.171875], [-69.29707, -55.16582], [-69.356152, -55.273926], [-69.359229, -55.300684], [-69.299023, -55.369336], [-69.180859, -55.474805], [-69.24082, -55.476758], [-69.411816, -55.444238], [-69.455713, -55.424023], [-69.508691, -55.370898], [-69.610254, -55.339941], [-69.645898, -55.320898], [-69.656299, -55.298438], [-69.657373, -55.229004], [-69.679834, -55.218945], [-69.824023, -55.236523], [-69.853711, -55.219824], [-69.865771, -55.190625], [-69.886768, -55.174121], [-69.979785, -55.147461], [-69.987988, -55.130762], [-69.946533, -55.111035], [-69.92085, -55.061133], [-69.884424, -54.882031], [-69.702979, -54.919043]]], [[[-71.390479, -54.032813], [-71.16875, -54.112598], [-71.021924, -54.111816], [-71.022852, -54.161719], [-71.004883, -54.24668], [-71.028027, -54.281152], [-71.082959, -54.316309], [-71.117529, -54.366309], [-71.143262, -54.374023], [-71.304639, -54.313574], [-71.473291, -54.231152], [-71.558105, -54.245605], [-71.670605, -54.225391], [-71.76123, -54.229785], [-71.817578, -54.276465], [-71.948535, -54.300879], [-71.972363, -54.207227], [-72.091553, -54.11875], [-72.210449, -54.047754], [-72.146045, -53.938867], [-72.068945, -53.921289], [-71.996484, -53.884863], [-71.705127, -53.92334], [-71.55415, -53.956055], [-71.390479, -54.032813]]], [[[-73.735352, -44.394531], [-73.78457, -44.4375], [-73.862305, -44.445117], [-73.983301, -44.494824], [-73.996045, -44.537988], [-74.002051, -44.590918], [-73.918555, -44.654687], [-73.877393, -44.728809], [-73.827881, -44.839844], [-73.792139, -44.945801], [-73.795361, -44.978613], [-73.786475, -45.033594], [-73.727148, -45.119043], [-73.72168, -45.157617], [-73.728174, -45.195898], [-73.7521, -45.266797], [-73.770996, -45.276563], [-73.829883, -45.283496], [-73.834473, -45.326562], [-73.848975, -45.340625], [-74.01626, -45.344922], [-74.099072, -45.325391], [-74.089258, -45.195703], [-74.195215, -45.144824], [-74.267969, -45.058984], [-74.349902, -44.91084], [-74.41875, -44.865234], [-74.498828, -44.748145], [-74.617773, -44.647949], [-74.480518, -44.58457], [-74.501807, -44.473535], [-74.42168, -44.435449], [-74.301221, -44.395703], [-74.2125, -44.426953], [-74.132812, -44.415918], [-74.097217, -44.389355], [-74.108105, -44.275879], [-74.082812, -44.186426], [-73.994922, -44.140234], [-73.900195, -44.134863], [-73.864551, -44.185352], [-73.817773, -44.234961], [-73.703223, -44.274121], [-73.703711, -44.325391], [-73.735352, -44.394531]]], [[[-72.986133, -44.780078], [-73.228467, -44.859961], [-73.35, -44.833203], [-73.39707, -44.774316], [-73.420068, -44.724805], [-73.445068, -44.641016], [-73.403662, -44.596094], [-73.314941, -44.531348], [-73.281982, -44.489551], [-73.266016, -44.440234], [-73.271582, -44.394141], [-73.26001, -44.350293], [-73.207715, -44.334961], [-73.028418, -44.384082], [-72.842432, -44.457715], [-72.776367, -44.508594], [-72.764062, -44.549023], [-72.845312, -44.638477], [-72.897168, -44.712012], [-72.986133, -44.780078]]], [[[-75.04248, -44.890137], [-75.06748, -44.906543], [-75.09873, -44.901758], [-75.124219, -44.869922], [-75.142139, -44.815625], [-75.107422, -44.795117], [-75.079492, -44.795117], [-75.048437, -44.823926], [-75.032227, -44.870508], [-75.04248, -44.890137]]], [[[-75.302002, -50.67998], [-75.330469, -50.772363], [-75.411377, -50.764355], [-75.438525, -50.741113], [-75.452637, -50.68252], [-75.477393, -50.654199], [-75.442676, -50.595508], [-75.419775, -50.530371], [-75.427637, -50.480566], [-75.303711, -50.483984], [-75.156152, -50.496777], [-75.115332, -50.510449], [-75.160449, -50.554395], [-75.203418, -50.580664], [-75.292334, -50.596875], [-75.302002, -50.67998]]], [[[-75.106689, -48.836523], [-75.115088, -48.916016], [-75.262695, -49.068945], [-75.389941, -49.15918], [-75.506104, -49.230664], [-75.580371, -49.22998], [-75.641162, -49.19541], [-75.572852, -49.138867], [-75.487646, -49.082422], [-75.514551, -49.00957], [-75.540137, -48.988477], [-75.576172, -48.980762], [-75.637842, -48.942578], [-75.619141, -48.885938], [-75.583105, -48.858887], [-75.535254, -48.838184], [-75.490479, -48.850488], [-75.297266, -48.810645], [-75.236182, -48.778613], [-75.118604, -48.772949], [-75.106689, -48.836523]]], [[[-75.112207, -47.837695], [-75.18584, -47.850684], [-75.194336, -47.818066], [-75.261035, -47.763867], [-75.203125, -47.728027], [-75.089844, -47.690625], [-75.003955, -47.694727], [-74.926465, -47.723145], [-74.916016, -47.756641], [-75.05127, -47.800488], [-75.084473, -47.824512], [-75.112207, -47.837695]]], [[[-74.66875, -43.607812], [-74.810449, -43.625391], [-74.842676, -43.595508], [-74.841992, -43.570312], [-74.817676, -43.549414], [-74.74502, -43.535938], [-74.697461, -43.553027], [-74.672656, -43.577441], [-74.664795, -43.599609], [-74.66875, -43.607812]]], [[[-73.632178, -44.821484], [-73.664844, -44.83291], [-73.69458, -44.831152], [-73.724756, -44.796875], [-73.734863, -44.75166], [-73.800146, -44.684082], [-73.818457, -44.652148], [-73.816992, -44.613965], [-73.779492, -44.55918], [-73.723926, -44.544238], [-73.686475, -44.546289], [-73.641211, -44.61084], [-73.628223, -44.680762], [-73.616602, -44.75293], [-73.632178, -44.821484]]], [[[-74.558643, -51.277051], [-74.560889, -51.36084], [-74.592578, -51.3875], [-74.620361, -51.395703], [-74.690723, -51.370215], [-74.730908, -51.367383], [-74.797363, -51.411719], [-74.85332, -51.43418], [-74.93667, -51.42832], [-75.047363, -51.39834], [-75.146289, -51.524316], [-75.192432, -51.566699], [-75.289111, -51.625391], [-75.300049, -51.556445], [-75.238477, -51.453516], [-75.21001, -51.383301], [-75.153662, -51.278809], [-75.040332, -51.318164], [-74.881445, -51.279492], [-74.73667, -51.207617], [-74.611572, -51.207129], [-74.570508, -51.24541], [-74.558643, -51.277051]]], [[[-75.054785, -50.296094], [-75.250391, -50.37627], [-75.307861, -50.343066], [-75.449121, -50.343359], [-75.412109, -50.256641], [-75.397852, -50.192676], [-75.376709, -50.167969], [-75.368848, -50.112695], [-75.32666, -50.011816], [-75.209668, -50.04541], [-75.122559, -50.055273], [-75.004248, -50.088672], [-74.875977, -50.109961], [-74.838574, -50.197266], [-74.963379, -50.237305], [-75.054785, -50.296094]]], [[[-73.810645, -43.827246], [-73.789648, -43.876465], [-73.833643, -43.883203], [-73.90415, -43.875391], [-73.938281, -43.914258], [-73.955664, -43.921973], [-74.117773, -43.8875], [-74.142969, -43.872168], [-74.139941, -43.820996], [-73.967187, -43.816504], [-73.856934, -43.783789], [-73.841406, -43.788965], [-73.810645, -43.827246]]], [[[-74.142187, -51.931055], [-74.17207, -51.94209], [-74.283105, -51.91875], [-74.338672, -51.897949], [-74.423633, -51.845117], [-74.437109, -51.790625], [-74.475391, -51.725684], [-74.450781, -51.724902], [-74.362109, -51.750684], [-74.325684, -51.770215], [-74.277051, -51.811621], [-74.133398, -51.870898], [-74.11543, -51.888477], [-74.118896, -51.911133], [-74.142187, -51.931055]]], [[[-74.312891, -45.691504], [-74.368457, -45.73584], [-74.465527, -45.757227], [-74.561621, -45.722461], [-74.677734, -45.738574], [-74.689844, -45.662598], [-74.646436, -45.6], [-74.558398, -45.525586], [-74.494678, -45.425879], [-74.502344, -45.285156], [-74.45, -45.25293], [-74.421875, -45.203223], [-74.310547, -45.172656], [-74.2854, -45.277246], [-74.31543, -45.464063], [-74.240039, -45.574512], [-74.229199, -45.611328], [-74.243896, -45.653613], [-74.312891, -45.691504]]], [[[-67.575195, -55.889648], [-67.611426, -55.891699], [-67.699512, -55.873145], [-67.831543, -55.864844], [-67.846436, -55.857227], [-67.849707, -55.842578], [-67.834082, -55.827539], [-67.762061, -55.816113], [-67.544824, -55.825977], [-67.517285, -55.832813], [-67.509814, -55.844336], [-67.545264, -55.877441], [-67.575195, -55.889648]]], [[[-66.472119, -55.229102], [-66.551709, -55.272852], [-66.611133, -55.269922], [-66.630176, -55.254102], [-66.636621, -55.234375], [-66.624756, -55.213086], [-66.599707, -55.193652], [-66.541553, -55.169434], [-66.523145, -55.165527], [-66.435791, -55.189746], [-66.472119, -55.229102]]], [[[-70.991602, -54.867969], [-70.945117, -54.931348], [-70.92793, -54.942969], [-70.804834, -54.967676], [-70.749316, -54.952734], [-70.615283, -54.945605], [-70.534766, -54.921289], [-70.417529, -54.908887], [-70.283057, -55.065918], [-70.297852, -55.11377], [-70.40415, -55.165625], [-70.475586, -55.177051], [-70.543457, -55.161328], [-70.538721, -55.134961], [-70.551074, -55.111914], [-70.597461, -55.082031], [-70.640918, -55.084863], [-70.710986, -55.106934], [-70.744434, -55.104199], [-70.815479, -55.079883], [-70.939844, -55.061914], [-70.964502, -55.039648], [-70.967285, -55.006836], [-70.990723, -54.99043], [-71.120361, -54.937793], [-71.20332, -54.892969], [-71.273633, -54.886914], [-71.299316, -54.892285], [-71.325342, -54.91377], [-71.388574, -54.934277], [-71.406641, -54.930859], [-71.426904, -54.91377], [-71.437207, -54.889258], [-71.410547, -54.839355], [-71.374268, -54.83457], [-71.19707, -54.844434], [-71.088623, -54.86748], [-70.991602, -54.867969]]], [[[-67.288867, -55.776855], [-67.325293, -55.784766], [-67.352246, -55.766016], [-67.393359, -55.752734], [-67.559961, -55.724805], [-67.563477, -55.707813], [-67.546143, -55.683691], [-67.512793, -55.662012], [-67.448828, -55.640625], [-67.397363, -55.585156], [-67.374072, -55.589355], [-67.350586, -55.612109], [-67.310449, -55.688672], [-67.262451, -55.74375], [-67.267285, -55.762793], [-67.288867, -55.776855]]]]}}, {"type": "Feature", "properties": {"nombre": "Brazil", "iso": "BRA"}, "geometry": {"type": "MultiPolygon", "coordinates": [[[[-66.876025, 1.223047], [-66.619043, 0.992139], [-66.429248, 0.82168], [-66.347119, 0.767187], [-66.30166, 0.751953], [-66.191211, 0.763281], [-66.060059, 0.785352], [-65.996338, 0.809766], [-65.925879, 0.863135], [-65.811328, 0.937256], [-65.718115, 0.978027], [-65.681445, 0.983447], [-65.644678, 0.970361], [-65.566016, 0.926074], [-65.522998, 0.843408], [-65.562695, 0.74751], [-65.556055, 0.687988], [-65.473389, 0.69126], [-65.407227, 0.790479], [-65.36084, 0.868652], [-65.263965, 0.931885], [-65.169629, 1.022217], [-65.10376, 1.108105], [-65.026562, 1.158447], [-64.910107, 1.219727], [-64.817969, 1.257129], [-64.731543, 1.25332], [-64.667432, 1.293848], [-64.584375, 1.369873], [-64.52627, 1.431006], [-64.486035, 1.452783], [-64.405127, 1.446875], [-64.304199, 1.455273], [-64.205029, 1.529492], [-64.114844, 1.619287], [-64.067041, 1.770508], [-64.035449, 1.904443], [-64.008496, 1.931592], [-63.975781, 1.953027], [-63.937158, 1.966992], [-63.844482, 1.976709], [-63.682129, 2.048145], [-63.570264, 2.120508], [-63.463916, 2.136035], [-63.43252, 2.155566], [-63.393945, 2.22251], [-63.374854, 2.34043], [-63.389258, 2.411914], [-63.584619, 2.433936], [-63.712549, 2.434033], [-63.92417, 2.452441], [-64.024902, 2.481885], [-64.046582, 2.502393], [-64.048828, 2.525098], [-64.028711, 2.576074], [-64.009033, 2.671875], [-64.037793, 2.801514], [-64.143555, 3.004883], [-64.218848, 3.204687], [-64.22876, 3.343994], [-64.227051, 3.491211], [-64.221094, 3.587402], [-64.275293, 3.662695], [-64.56792, 3.899805], [-64.668994, 4.011816], [-64.702588, 4.089307], [-64.817871, 4.232275], [-64.788672, 4.276025], [-64.722266, 4.274414], [-64.665527, 4.237109], [-64.613672, 4.157715], [-64.576367, 4.139893], [-64.525537, 4.13999], [-64.255664, 4.140332], [-64.19248, 4.126855], [-64.154297, 4.100146], [-64.121729, 4.066992], [-64.073389, 3.974414], [-64.021484, 3.929102], [-63.914648, 3.930664], [-63.746973, 3.932568], [-63.65293, 3.94082], [-63.596631, 3.915039], [-63.526807, 3.893701], [-63.379785, 3.942871], [-63.338672, 3.943896], [-63.294727, 3.922266], [-63.13623, 3.756445], [-63.045312, 3.686475], [-62.968652, 3.593945], [-62.856982, 3.593457], [-62.7646, 3.672949], [-62.739941, 3.940332], [-62.712109, 4.01792], [-62.665332, 4.039648], [-62.609766, 4.042285], [-62.543945, 4.084326], [-62.472559, 4.138525], [-62.410645, 4.156738], [-62.153125, 4.098389], [-62.081592, 4.126318], [-61.82085, 4.197021], [-61.554248, 4.287793], [-61.479395, 4.402246], [-61.367529, 4.433008], [-61.280078, 4.516895], [-61.209424, 4.508057], [-61.102441, 4.504687], [-61.036279, 4.519336], [-61.002832, 4.535254], [-60.966406, 4.574707], [-60.90625, 4.686816], [-60.833398, 4.729199], [-60.741748, 4.774121], [-60.67915, 4.8271], [-60.627588, 4.892529], [-60.603857, 4.949365], [-60.604492, 4.99458], [-60.63501, 5.081982], [-60.671973, 5.164355], [-60.711963, 5.191553], [-60.742139, 5.202051], [-60.651367, 5.221143], [-60.576416, 5.19248], [-60.459521, 5.188086], [-60.408789, 5.210156], [-60.335205, 5.199316], [-60.24165, 5.257959], [-60.181738, 5.238818], [-60.142041, 5.238818], [-60.105957, 5.194238], [-60.078076, 5.143994], [-59.990674, 5.082861], [-59.999365, 4.989844], [-60.015479, 4.90752], [-60.026758, 4.812695], [-60.031787, 4.740527], [-60.068945, 4.66665], [-60.124561, 4.597656], [-60.140918, 4.569629], [-60.148633, 4.533252], [-60.111133, 4.511182], [-60.04502, 4.50459], [-59.962354, 4.501709], [-59.906104, 4.480322], [-59.83335, 4.475928], [-59.745801, 4.41665], [-59.703271, 4.381104], [-59.699707, 4.353516], [-59.72749, 4.287646], [-59.738574, 4.226758], [-59.716895, 4.188184], [-59.691211, 4.1604], [-59.620215, 4.023145], [-59.586426, 3.975391], [-59.557764, 3.96001], [-59.551123, 3.933545], [-59.575391, 3.883447], [-59.604443, 3.819678], [-59.670215, 3.752734], [-59.679004, 3.699805], [-59.731641, 3.666553], [-59.854395, 3.5875], [-59.833057, 3.462158], [-59.828809, 3.398584], [-59.831152, 3.349219], [-59.873047, 3.283105], [-59.945654, 3.087842], [-59.972314, 2.990479], [-59.995898, 2.76543], [-59.994336, 2.68999], [-59.960791, 2.588379], [-59.889648, 2.362939], [-59.849121, 2.327051], [-59.755225, 2.274121], [-59.743506, 2.121631], [-59.751758, 1.962402], [-59.756201, 1.900635], [-59.740723, 1.87417], [-59.698535, 1.861475], [-59.668506, 1.842334], [-59.66377, 1.795215], [-59.666602, 1.746289], [-59.596631, 1.718018], [-59.535693, 1.7], [-59.479443, 1.632422], [-59.377686, 1.527344], [-59.337256, 1.508203], [-59.316992, 1.4646], [-59.231201, 1.376025], [-59.100391, 1.343652], [-58.968506, 1.30459], [-58.916602, 1.248877], [-58.8625, 1.203613], [-58.821777, 1.201221], [-58.787207, 1.208496], [-58.730322, 1.24751], [-58.684619, 1.281055], [-58.605078, 1.27915], [-58.511865, 1.284668], [-58.495703, 1.312256], [-58.486865, 1.347754], [-58.506055, 1.438672], [-58.472949, 1.46626], [-58.395801, 1.481738], [-58.380371, 1.530225], [-58.362695, 1.556689], [-58.340674, 1.587549], [-58.314209, 1.591943], [-58.281152, 1.574316], [-58.23042, 1.563281], [-58.173096, 1.547852], [-58.142236, 1.516992], [-58.091309, 1.514355], [-58.034668, 1.520264], [-58.011768, 1.539941], [-57.995117, 1.574316], [-57.982812, 1.648438], [-57.946338, 1.650586], [-57.873437, 1.667285], [-57.795654, 1.7], [-57.691748, 1.704785], [-57.594434, 1.704102], [-57.545752, 1.726074], [-57.500439, 1.773828], [-57.412695, 1.908936], [-57.366797, 1.940137], [-57.31748, 1.963477], [-57.275586, 1.959229], [-57.1896, 1.981592], [-57.118896, 2.013965], [-57.092676, 2.005811], [-57.037598, 1.936475], [-57.010059, 1.92124], [-56.969531, 1.916406], [-56.836719, 1.88125], [-56.76626, 1.892187], [-56.689844, 1.914307], [-56.616455, 1.922656], [-56.563574, 1.907227], [-56.525488, 1.927246], [-56.482812, 1.942139], [-56.452832, 1.932324], [-56.38584, 1.923877], [-56.227148, 1.885352], [-56.019922, 1.842236], [-55.96333, 1.85708], [-55.929639, 1.8875], [-55.921631, 1.97666], [-55.915332, 2.039551], [-55.961963, 2.095117], [-56.020068, 2.158154], [-56.073633, 2.236768], [-56.137695, 2.259033], [-56.129395, 2.299512], [-56.087793, 2.341309], [-56.045117, 2.364404], [-56.020361, 2.392773], [-55.993506, 2.49751], [-55.975586, 2.515967], [-55.957471, 2.520459], [-55.935937, 2.516602], [-55.89375, 2.489502], [-55.730566, 2.406152], [-55.658936, 2.41875], [-55.385352, 2.440625], [-55.343994, 2.48877], [-55.286035, 2.499658], [-55.187695, 2.54751], [-55.148828, 2.550781], [-55.114111, 2.539209], [-55.070312, 2.54834], [-55.005811, 2.592969], [-54.978662, 2.597656], [-54.968408, 2.54834], [-54.926562, 2.497363], [-54.876074, 2.450391], [-54.85166, 2.439551], [-54.766846, 2.454736], [-54.722217, 2.44165], [-54.70293, 2.397949], [-54.697412, 2.359814], [-54.661865, 2.327539], [-54.61626, 2.326758], [-54.591943, 2.31377], [-54.550488, 2.293066], [-54.515088, 2.245459], [-54.433105, 2.20752], [-54.293066, 2.154248], [-54.227979, 2.15332], [-54.167383, 2.137061], [-54.130078, 2.121045], [-54.089746, 2.150488], [-53.946436, 2.232568], [-53.876611, 2.278271], [-53.829541, 2.312939], [-53.794238, 2.345996], [-53.767773, 2.354834], [-53.750146, 2.33501], [-53.734717, 2.308545], [-53.683691, 2.29292], [-53.563965, 2.261914], [-53.508984, 2.253125], [-53.431836, 2.279443], [-53.366016, 2.324219], [-53.334424, 2.339746], [-53.285498, 2.295215], [-53.252197, 2.232275], [-53.229785, 2.204883], [-53.180078, 2.211328], [-53.082275, 2.201709], [-53.009717, 2.181738], [-52.964844, 2.183545], [-52.903467, 2.211523], [-52.87041, 2.26665], [-52.783398, 2.317187], [-52.700635, 2.363672], [-52.653174, 2.425732], [-52.583008, 2.528906], [-52.559473, 2.573145], [-52.554688, 2.647656], [-52.455859, 2.86416], [-52.418408, 2.903857], [-52.396387, 2.972217], [-52.356641, 3.051562], [-52.356641, 3.117725], [-52.327881, 3.181738], [-52.27124, 3.237109], [-52.229443, 3.27168], [-52.162598, 3.364697], [-52.116113, 3.452295], [-51.999512, 3.646875], [-51.990625, 3.702002], [-51.944336, 3.735107], [-51.928906, 3.776953], [-51.879492, 3.828564], [-51.82749, 3.86958], [-51.805273, 3.929932], [-51.76709, 3.992676], [-51.683447, 4.039697], [-51.652539, 4.061279], [-51.557812, 4.233789], [-51.54707, 4.310889], [-51.461523, 4.31377], [-51.3271, 4.224756], [-51.219922, 4.093604], [-51.07627, 3.67168], [-51.052393, 3.281836], [-50.994141, 3.077539], [-50.827197, 2.651855], [-50.816504, 2.573047], [-50.789697, 2.477783], [-50.736963, 2.376758], [-50.67876, 2.210352], [-50.676562, 2.179443], [-50.714404, 2.134033], [-50.658936, 2.130957], [-50.608691, 2.104102], [-50.575879, 1.998584], [-50.534424, 1.927246], [-50.458887, 1.82959], [-50.304297, 1.797656], [-50.187598, 1.785986], [-50.054688, 1.730713], [-49.957129, 1.659863], [-49.881592, 1.419922], [-49.90625, 1.269043], [-49.898877, 1.162988], [-49.937939, 1.121436], [-50.047217, 1.051953], [-50.070996, 1.015088], [-50.294434, 0.835742], [-50.343262, 0.751025], [-50.462988, 0.637305], [-50.581543, 0.420508], [-50.755078, 0.222559], [-50.816357, 0.172559], [-50.910156, 0.160986], [-50.96709, 0.130273], [-51.101953, -0.03125], [-51.28291, -0.085205], [-51.299561, -0.178809], [-51.40415, -0.392676], [-51.496289, -0.509473], [-51.555029, -0.549121], [-51.702637, -0.762305], [-51.721533, -0.855469], [-51.720605, -1.018457], [-51.819141, -1.117773], [-51.921631, -1.180859], [-51.934473, -1.320312], [-51.980811, -1.367969], [-52.020459, -1.399023], [-52.229248, -1.3625], [-52.553418, -1.514063], [-52.66416, -1.551758], [-52.310303, -1.55957], [-52.19668, -1.640137], [-51.947559, -1.586719], [-51.646289, -1.394336], [-51.531201, -1.354102], [-51.297363, -1.223535], [-51.202344, -1.136523], [-51.028955, -1.032129], [-50.992041, -0.986328], [-50.894922, -0.937598], [-50.842285, -0.999609], [-50.838184, -1.038867], [-50.917871, -1.115234], [-50.897168, -1.164453], [-50.84458, -1.22627], [-50.825537, -1.311426], [-50.818652, -1.37627], [-50.786133, -1.489941], [-50.678955, -1.643848], [-50.675293, -1.694727], [-50.690039, -1.761719], [-50.63877, -1.81709], [-50.585596, -1.849902], [-50.403223, -2.015527], [-50.260449, -1.922949], [-50.172705, -1.896191], [-50.116602, -1.85752], [-49.999219, -1.831836], [-49.902979, -1.870605], [-49.719531, -1.926367], [-49.585352, -1.867188], [-49.313672, -1.731738], [-49.398633, -1.971582], [-49.460156, -2.191504], [-49.506982, -2.280273], [-49.553369, -2.519922], [-49.599316, -2.583887], [-49.636523, -2.656934], [-49.575879, -2.631445], [-49.523926, -2.596875], [-49.45752, -2.50459], [-49.407666, -2.344336], [-49.211035, -1.916504], [-49.154785, -1.878516], [-48.991309, -1.829785], [-48.71001, -1.487695], [-48.6, -1.48877], [-48.52959, -1.56748], [-48.462939, -1.613965], [-48.44585, -1.52041], [-48.349805, -1.482129], [-48.451465, -1.43584], [-48.468066, -1.393848], [-48.477734, -1.323828], [-48.408594, -1.229199], [-48.449805, -1.145508], [-48.306494, -1.039844], [-48.317578, -0.960547], [-48.266455, -0.895117], [-48.201758, -0.82793], [-48.128467, -0.795215], [-48.115088, -0.7375], [-48.068848, -0.713672], [-48.032568, -0.705078], [-47.960938, -0.769629], [-47.883398, -0.693359], [-47.807666, -0.663477], [-47.77373, -0.676758], [-47.731494, -0.710449], [-47.687109, -0.724805], [-47.651074, -0.71875], [-47.557324, -0.669922], [-47.470703, -0.748535], [-47.418652, -0.765918], [-47.43291, -0.721875], [-47.460352, -0.680957], [-47.439063, -0.647656], [-47.398096, -0.62666], [-47.268604, -0.64541], [-47.200537, -0.680469], [-47.126904, -0.74541], [-47.024609, -0.750195], [-46.944336, -0.743359], [-46.893652, -0.779883], [-46.81123, -0.779688], [-46.769922, -0.836523], [-46.644434, -0.916406], [-46.617236, -0.970605], [-46.516309, -0.996875], [-46.421729, -1.030078], [-46.32085, -1.03916], [-46.219141, -1.03125], [-46.21499, -1.099805], [-46.140381, -1.118359], [-46.044629, -1.103027], [-45.972266, -1.187402], [-45.778809, -1.250781], [-45.644775, -1.347852], [-45.556934, -1.330664], [-45.458594, -1.35625], [-45.353027, -1.567383], [-45.32915, -1.717285], [-45.282129, -1.696582], [-45.238574, -1.629492], [-45.18208, -1.507031], [-45.076367, -1.466406], [-45.025781, -1.513477], [-44.919775, -1.588867], [-44.828369, -1.67168], [-44.789844, -1.724805], [-44.721143, -1.733496], [-44.778516, -1.798828], [-44.720947, -1.792285], [-44.65127, -1.745801], [-44.59165, -1.841797], [-44.546777, -1.946289], [-44.537793, -2.052734], [-44.580029, -2.113867], [-44.617285, -2.152148], [-44.658643, -2.227539], [-44.70752, -2.241113], [-44.756348, -2.265527], [-44.700635, -2.32041], [-44.662402, -2.373242], [-44.579004, -2.230469], [-44.520361, -2.190332], [-44.435449, -2.168066], [-44.391309, -2.269629], [-44.381836, -2.365527], [-44.520117, -2.405469], [-44.520654, -2.48125], [-44.562012, -2.524219], [-44.589014, -2.573438], [-44.610791, -2.676855], [-44.638965, -2.7625], [-44.721387, -3.142285], [-44.723047, -3.204785], [-44.622656, -3.137891], [-44.437549, -2.944434], [-44.381152, -2.738379], [-44.308154, -2.535156], [-44.228613, -2.471289], [-44.179395, -2.471191], [-44.105566, -2.493457], [-44.101367, -2.560059], [-44.112646, -2.598535], [-44.191602, -2.699609], [-44.225195, -2.75498], [-44.192676, -2.80957], [-44.013232, -2.642188], [-43.93291, -2.583496], [-43.864453, -2.59541], [-43.728613, -2.518164], [-43.455127, -2.502051], [-43.434619, -2.413672], [-43.380078, -2.376074], [-43.229687, -2.386035], [-42.936719, -2.465039], [-42.832275, -2.52959], [-42.675879, -2.589648], [-42.593555, -2.661035], [-42.249609, -2.791992], [-41.999854, -2.806055], [-41.876172, -2.746582], [-41.721875, -2.808887], [-41.640137, -2.878613], [-41.479932, -2.916504], [-41.318213, -2.93623], [-41.194531, -2.886133], [-40.875586, -2.869629], [-40.474561, -2.795605], [-40.235352, -2.813184], [-39.964697, -2.861523], [-39.771826, -2.98584], [-39.609424, -3.05625], [-39.511182, -3.125586], [-39.352686, -3.197363], [-39.014355, -3.390234], [-38.895996, -3.501758], [-38.68623, -3.653711], [-38.475781, -3.71748], [-38.361914, -3.876465], [-38.271875, -3.948047], [-38.048828, -4.216406], [-37.795654, -4.404297], [-37.626318, -4.59209], [-37.301465, -4.713086], [-37.174658, -4.912402], [-36.954883, -4.936719], [-36.861133, -4.966602], [-36.747363, -5.050684], [-36.590723, -5.097559], [-36.386719, -5.084277], [-36.161768, -5.09375], [-35.979883, -5.054395], [-35.549414, -5.129395], [-35.481689, -5.166016], [-35.392578, -5.250879], [-35.235449, -5.566699], [-35.141748, -5.917188], [-35.095459, -6.185352], [-34.988184, -6.39375], [-34.92959, -6.785059], [-34.879883, -6.908203], [-34.875977, -7.00293], [-34.833887, -7.024414], [-34.805469, -7.288379], [-34.816602, -7.394824], [-34.857764, -7.533301], [-34.86084, -7.59502], [-34.854785, -7.634277], [-34.872998, -7.69209], [-34.878613, -7.747461], [-34.836914, -7.871777], [-34.834668, -7.971484], [-34.890527, -8.092188], [-34.96665, -8.407617], [-35.157764, -8.930566], [-35.340869, -9.230664], [-35.59707, -9.540625], [-35.763965, -9.702539], [-35.830127, -9.719043], [-35.89082, -9.687012], [-35.847754, -9.772461], [-35.885449, -9.847656], [-36.05498, -10.075781], [-36.223535, -10.225098], [-36.39834, -10.484082], [-36.411621, -10.489941], [-36.635742, -10.589941], [-36.768311, -10.67168], [-36.937793, -10.82041], [-37.093359, -11.054785], [-37.125488, -11.084961], [-37.182812, -11.068457], [-37.181201, -11.1875], [-37.315137, -11.375977], [-37.356006, -11.403906], [-37.354883, -11.350488], [-37.331641, -11.309863], [-37.320801, -11.266602], [-37.321777, -11.215137], [-37.359229, -11.252539], [-37.438477, -11.39375], [-37.411816, -11.497266], [-37.469336, -11.653613], [-37.688721, -12.1], [-37.957324, -12.475488], [-38.019238, -12.591309], [-38.239746, -12.844238], [-38.401758, -12.966211], [-38.447314, -12.96709], [-38.498926, -12.956641], [-38.524902, -12.762305], [-38.654004, -12.644629], [-38.690967, -12.623926], [-38.743896, -12.748535], [-38.787988, -12.782715], [-38.851758, -12.790137], [-38.783594, -12.844434], [-38.763721, -12.907227], [-38.833154, -13.03291], [-38.835303, -13.147168], [-38.95918, -13.273047], [-39.030908, -13.365137], [-39.067383, -13.480469], [-39.089355, -13.588184], [-39.034912, -13.558789], [-39.009082, -13.581445], [-38.988623, -13.615039], [-39.001221, -13.664551], [-39.041113, -13.758105], [-39.034912, -13.991016], [-39.048145, -14.043945], [-39.008496, -14.101172], [-38.966504, -14.003418], [-38.942334, -14.030664], [-39.05957, -14.654785], [-39.013379, -14.935645], [-38.996191, -15.253809], [-38.943213, -15.564355], [-38.885254, -15.841992], [-38.880615, -15.864258], [-38.960791, -16.186523], [-39.063232, -16.504395], [-39.125049, -16.763574], [-39.163965, -17.043555], [-39.202881, -17.178125], [-39.215234, -17.31582], [-39.170605, -17.64209], [-39.154004, -17.703906], [-39.278369, -17.849414], [-39.412598, -17.92002], [-39.486768, -17.990137], [-39.650781, -18.252344], [-39.739795, -18.639844], [-39.741943, -18.845996], [-39.699854, -19.277832], [-39.731445, -19.453906], [-39.783301, -19.571777], [-39.844727, -19.649121], [-40.001367, -19.741992], [-40.141699, -19.968262], [-40.202734, -20.206055], [-40.298877, -20.292676], [-40.318555, -20.425781], [-40.395947, -20.569434], [-40.596582, -20.783789], [-40.727051, -20.846191], [-40.789258, -20.906055], [-40.82876, -21.031348], [-40.954541, -21.237891], [-41.047266, -21.505664], [-41.023145, -21.596875], [-41.021582, -21.61084], [-40.987842, -21.920313], [-41.000293, -21.999023], [-41.12251, -22.084375], [-41.58291, -22.243652], [-41.705518, -22.309668], [-41.98042, -22.580664], [-41.997559, -22.644629], [-41.986133, -22.73584], [-41.940918, -22.788281], [-41.9875, -22.845117], [-42.042383, -22.94707], [-42.122461, -22.94082], [-42.581055, -22.941016], [-42.829297, -22.97334], [-42.958301, -22.96709], [-43.016211, -22.942578], [-43.081152, -22.902539], [-43.100684, -22.850098], [-43.06543, -22.770703], [-43.086279, -22.72334], [-43.154297, -22.725195], [-43.229004, -22.747656], [-43.241943, -22.795117], [-43.236621, -22.828809], [-43.208838, -22.878125], [-43.193604, -22.938574], [-43.22417, -22.991211], [-43.369482, -22.998047], [-43.532813, -23.046387], [-43.736523, -23.066602], [-43.898828, -23.101465], [-43.973828, -23.057324], [-43.898828, -23.035254], [-43.791406, -23.045996], [-43.675977, -23.009473], [-43.70293, -22.966309], [-43.866162, -22.910547], [-44.047461, -22.944727], [-44.147998, -23.011035], [-44.36792, -23.00498], [-44.637256, -23.055469], [-44.681152, -23.106934], [-44.673828, -23.206641], [-44.621094, -23.228516], [-44.569678, -23.274023], [-44.619092, -23.316406], [-44.667187, -23.335156], [-44.95166, -23.381445], [-45.21543, -23.575586], [-45.325391, -23.599707], [-45.423291, -23.685352], [-45.433398, -23.758496], [-45.464307, -23.802539], [-45.5271, -23.804785], [-45.664648, -23.764844], [-45.843164, -23.763672], [-45.97207, -23.795508], [-46.630762, -24.110352], [-46.867285, -24.236328], [-47.137207, -24.493164], [-47.592187, -24.781055], [-47.831152, -24.95293], [-47.876563, -24.997461], [-47.914307, -24.999902], [-47.98916, -25.035742], [-47.959375, -25.06543], [-47.90835, -25.068164], [-47.929395, -25.168262], [-48.024365, -25.236719], [-48.202734, -25.416504], [-48.242432, -25.40332], [-48.185937, -25.309863], [-48.273486, -25.306348], [-48.40249, -25.27207], [-48.458496, -25.310742], [-48.427637, -25.40332], [-48.476123, -25.442969], [-48.56416, -25.447461], [-48.643994, -25.436523], [-48.731738, -25.36875], [-48.692187, -25.491504], [-48.507031, -25.521289], [-48.429883, -25.550195], [-48.401172, -25.597363], [-48.545166, -25.815918], [-48.665771, -25.844336], [-48.679004, -25.875195], [-48.612842, -25.875], [-48.576318, -25.935449], [-48.619434, -26.179395], [-48.679004, -26.225781], [-48.71377, -26.226953], [-48.748291, -26.268652], [-48.700684, -26.34834], [-48.651611, -26.406445], [-48.658154, -26.519141], [-48.676514, -26.612402], [-48.677734, -26.70293], [-48.615674, -26.878125], [-48.593408, -27.058008], [-48.568359, -27.123438], [-48.55415, -27.195996], [-48.595508, -27.263867], [-48.571973, -27.372754], [-48.642578, -27.55791], [-48.605664, -27.825195], [-48.620801, -28.075586], [-48.648438, -28.207227], [-48.693213, -28.310156], [-48.797266, -28.442676], [-48.799658, -28.575293], [-49.023584, -28.698633], [-49.271289, -28.871191], [-49.499902, -29.075391], [-49.745996, -29.363184], [-50.03335, -29.800977], [-50.299512, -30.425781], [-50.619971, -30.897656], [-50.748145, -31.068066], [-50.921387, -31.258398], [-51.151758, -31.480371], [-51.4604, -31.702441], [-51.798145, -31.900293], [-51.920215, -31.989551], [-52.039209, -32.114844], [-52.068945, -32.063086], [-52.043164, -31.977539], [-52.05957, -31.913477], [-52.063232, -31.830371], [-51.995117, -31.815039], [-51.893164, -31.867773], [-51.841211, -31.832031], [-51.803418, -31.79668], [-51.680664, -31.774609], [-51.446191, -31.557324], [-51.272168, -31.476953], [-51.174316, -31.339746], [-51.15752, -31.266797], [-51.161426, -31.118848], [-51.105957, -31.081348], [-50.980078, -31.094238], [-50.954395, -31.052148], [-50.965332, -31.005469], [-50.94082, -30.903711], [-50.770166, -30.813379], [-50.689307, -30.704199], [-50.716309, -30.425977], [-50.685059, -30.413477], [-50.614844, -30.456836], [-50.581934, -30.438867], [-50.546533, -30.316895], [-50.563525, -30.253613], [-50.646191, -30.236816], [-50.931885, -30.374316], [-51.024951, -30.368652], [-51.040381, -30.260645], [-51.179297, -30.211035], [-51.233594, -30.121387], [-51.249854, -30.059961], [-51.298047, -30.034863], [-51.29502, -30.141016], [-51.281787, -30.244141], [-51.157275, -30.364258], [-51.187549, -30.411914], [-51.246582, -30.467578], [-51.287695, -30.591211], [-51.283057, -30.751563], [-51.316406, -30.702734], [-51.359082, -30.674512], [-51.376465, -30.846875], [-51.459131, -30.912793], [-51.485254, -30.977539], [-51.463672, -31.052637], [-51.506299, -31.104492], [-51.716895, -31.24375], [-51.926807, -31.338867], [-51.972461, -31.383789], [-51.994873, -31.489941], [-52.026953, -31.599023], [-52.119824, -31.694922], [-52.193555, -31.885547], [-52.191553, -31.967578], [-52.16709, -32.088477], [-52.127393, -32.167773], [-52.190186, -32.220801], [-52.274609, -32.32373], [-52.34165, -32.439746], [-52.508496, -32.875293], [-52.652246, -33.137793], [-52.762891, -33.266406], [-52.92085, -33.401953], [-53.370605, -33.742188], [-53.397559, -33.737305], [-53.463574, -33.709863], [-53.518848, -33.677246], [-53.531348, -33.655469], [-53.537646, -33.622852], [-53.530371, -33.500293], [-53.531348, -33.170898], [-53.511865, -33.108691], [-53.482861, -33.068555], [-53.395215, -33.010352], [-53.310107, -32.927051], [-53.214062, -32.821094], [-53.125586, -32.736719], [-53.157275, -32.680078], [-53.23125, -32.625391], [-53.362744, -32.581152], [-53.489404, -32.503223], [-53.601709, -32.403027], [-53.653613, -32.29873], [-53.701123, -32.186328], [-53.746582, -32.097461], [-53.761719, -32.056836], [-53.806104, -32.039941], [-53.876514, -31.994531], [-53.920605, -31.952344], [-53.985156, -31.928125], [-54.100439, -31.901563], [-54.220557, -31.855176], [-54.369922, -31.74502], [-54.477686, -31.622754], [-54.530908, -31.541992], [-54.587646, -31.485156], [-54.895996, -31.391211], [-55.036035, -31.279004], [-55.091162, -31.313965], [-55.173535, -31.27959], [-55.254639, -31.225586], [-55.278955, -31.18418], [-55.313281, -31.141699], [-55.345508, -31.092969], [-55.366064, -31.046191], [-55.449561, -30.964453], [-55.557324, -30.875977], [-55.603027, -30.850781], [-55.627148, -30.858105], [-55.650488, -30.89209], [-55.665234, -30.924902], [-55.705957, -30.946582], [-55.756348, -30.987109], [-55.807764, -31.036719], [-55.873682, -31.069629], [-55.952002, -31.080859], [-56.004687, -31.079199], [-56.015527, -31.059668], [-56.018457, -30.991895], [-55.998975, -30.837207], [-56.044824, -30.777637], [-56.105859, -30.71377], [-56.176172, -30.628418], [-56.407227, -30.447461], [-56.72168, -30.186914], [-56.832715, -30.107227], [-56.937256, -30.101074], [-57.032715, -30.109961], [-57.120508, -30.144434], [-57.186914, -30.264844], [-57.214453, -30.283398], [-57.383838, -30.280664], [-57.552295, -30.26123], [-57.608887, -30.187793], [-57.563867, -30.139941], [-57.405225, -30.033887], [-57.31748, -29.939453], [-57.300684, -29.856543], [-57.224658, -29.782129], [-57.089355, -29.716211], [-56.938623, -29.594824], [-56.772461, -29.417871], [-56.671533, -29.287305], [-56.63584, -29.203027], [-56.570703, -29.138086], [-56.475977, -29.09248], [-56.393262, -28.997266], [-56.322363, -28.852441], [-56.225537, -28.737207], [-56.102881, -28.651758], [-56.034229, -28.580859], [-56.019629, -28.524609], [-55.984912, -28.488574], [-55.930176, -28.472852], [-55.903662, -28.443262], [-55.90542, -28.399609], [-55.890527, -28.37002], [-55.858887, -28.354199], [-55.806055, -28.359766], [-55.731982, -28.386621], [-55.687256, -28.381641], [-55.671973, -28.344922], [-55.691504, -28.302832], [-55.745996, -28.255469], [-55.725488, -28.204102], [-55.582373, -28.120996], [-55.47666, -28.089355], [-55.409814, -28.037793], [-55.346484, -27.955957], [-55.24375, -27.898828], [-55.101514, -27.866797], [-55.063867, -27.835938], [-55.068994, -27.796289], [-55.039941, -27.767773], [-54.955908, -27.747168], [-54.910205, -27.708594], [-54.902783, -27.651953], [-54.875732, -27.599219], [-54.829102, -27.550586], [-54.7771, -27.53252], [-54.719727, -27.544922], [-54.665869, -27.526563], [-54.61543, -27.477148], [-54.554932, -27.454102], [-54.484326, -27.457324], [-54.448145, -27.446484], [-54.327002, -27.423535], [-54.260156, -27.382031], [-54.205225, -27.289648], [-54.156445, -27.253809], [-54.113818, -27.274707], [-54.040137, -27.24375], [-53.935352, -27.161133], [-53.915625, -27.15957], [-53.838184, -27.121094], [-53.758496, -26.97832], [-53.717285, -26.882812], [-53.727148, -26.804688], [-53.75332, -26.748633], [-53.74458, -26.666504], [-53.718164, -26.443164], [-53.710938, -26.351855], [-53.668555, -26.288184], [-53.671289, -26.225098], [-53.746924, -26.083691], [-53.823242, -25.95957], [-53.864209, -25.748828], [-53.891162, -25.668848], [-53.954785, -25.647656], [-54.012305, -25.57793], [-54.08501, -25.571875], [-54.119238, -25.545215], [-54.15459, -25.523047], [-54.206152, -25.52959], [-54.250098, -25.57041], [-54.331885, -25.571875], [-54.38335, -25.588672], [-54.443945, -25.625], [-54.501514, -25.608301], [-54.537842, -25.576465], [-54.615869, -25.576074], [-54.610547, -25.432715], [-54.473145, -25.220215], [-54.43623, -25.121289], [-54.454102, -25.065234], [-54.412988, -24.86748], [-54.312939, -24.528125], [-54.281006, -24.306055], [-54.317285, -24.20127], [-54.318262, -24.128125], [-54.266895, -24.06582], [-54.241797, -24.047266], [-54.370801, -23.971191], [-54.440234, -23.901758], [-54.52959, -23.852148], [-54.625488, -23.8125], [-54.671777, -23.829004], [-54.721387, -23.852148], [-54.817285, -23.888477], [-54.926465, -23.951367], [-54.982666, -23.974512], [-55.081885, -23.997656], [-55.194336, -24.01748], [-55.286914, -24.004297], [-55.366309, -23.991016], [-55.415918, -23.951367], [-55.442383, -23.865332], [-55.442383, -23.792578], [-55.458887, -23.686719], [-55.518457, -23.627246], [-55.538281, -23.580957], [-55.541602, -23.524707], [-55.534961, -23.461914], [-55.518457, -23.415625], [-55.528369, -23.359375], [-55.554834, -23.319629], [-55.548193, -23.250195], [-55.561426, -23.154297], [-55.601123, -23.094727], [-55.620996, -23.025293], [-55.620996, -22.955859], [-55.650732, -22.886426], [-55.654053, -22.810352], [-55.627588, -22.740918], [-55.617676, -22.671484], [-55.647412, -22.621875], [-55.703662, -22.59209], [-55.746631, -22.512695], [-55.753271, -22.410156], [-55.799561, -22.353906], [-55.84917, -22.307617], [-55.905371, -22.307617], [-55.991406, -22.281152], [-56.06748, -22.284473], [-56.189844, -22.281152], [-56.246045, -22.264648], [-56.275781, -22.228223], [-56.351855, -22.178613], [-56.394873, -22.092676], [-56.447803, -22.076172], [-56.523828, -22.102539], [-56.550293, -22.135645], [-56.580078, -22.181934], [-56.633008, -22.234863], [-56.702441, -22.231543], [-56.775195, -22.261328], [-56.844678, -22.264648], [-56.937256, -22.271289], [-57.029883, -22.244824], [-57.142334, -22.215039], [-57.238232, -22.195215], [-57.330859, -22.215039], [-57.393652, -22.198438], [-57.476367, -22.188574], [-57.568945, -22.181934], [-57.641699, -22.129004], [-57.721094, -22.099219], [-57.764062, -22.10918], [-57.820312, -22.142285], [-57.879834, -22.135645], [-57.955908, -22.10918], [-57.985693, -22.046387], [-57.979053, -22.006641], [-57.9625, -21.966992], [-57.932764, -21.910742], [-57.949316, -21.851172], [-57.942676, -21.79834], [-57.929443, -21.751953], [-57.916211, -21.699121], [-57.926172, -21.649512], [-57.929443, -21.596582], [-57.936084, -21.546973], [-57.945996, -21.494043], [-57.906299, -21.417969], [-57.873242, -21.355078], [-57.893066, -21.302246], [-57.886475, -21.26582], [-57.86001, -21.20625], [-57.826953, -21.133594], [-57.830225, -20.997949], [-57.86001, -20.918555], [-57.892236, -20.89707], [-57.900488, -20.873047], [-57.884814, -20.841699], [-57.901904, -20.809375], [-57.908496, -20.776367], [-57.891406, -20.747461], [-57.915137, -20.690332], [-57.9625, -20.673828], [-57.979053, -20.657324], [-57.995605, -20.594434], [-58.008838, -20.52168], [-58.002246, -20.46543], [-58.025391, -20.41582], [-58.058447, -20.386133], [-58.091504, -20.333203], [-58.124609, -20.293457], [-58.137793, -20.237305], [-58.159766, -20.164648], [-58.09375, -20.151074], [-58.067627, -20.110352], [-58.021143, -20.055176], [-57.960156, -20.040723], [-57.887598, -20.02041], [-57.860742, -19.97959], [-58.029932, -19.832715], [-58.131494, -19.744531], [-58.072021, -19.625293], [-57.97168, -19.424219], [-57.874512, -19.229492], [-57.800391, -19.080957], [-57.781445, -19.053516], [-57.716797, -19.044043], [-57.728613, -18.967383], [-57.730859, -18.917188], [-57.783105, -18.914258], [-57.725, -18.733203], [-57.63916, -18.475], [-57.574023, -18.279297], [-57.553125, -18.246484], [-57.506152, -18.237305], [-57.495654, -18.214648], [-57.552051, -18.183105], [-57.586475, -18.122266], [-57.66167, -17.947363], [-57.780176, -17.671777], [-57.788867, -17.573047], [-57.832471, -17.512109], [-57.905029, -17.532324], [-57.990918, -17.512891], [-58.205566, -17.363086], [-58.347754, -17.282129], [-58.395996, -17.234277], [-58.417383, -17.080566], [-58.459814, -16.910742], [-58.478125, -16.700684], [-58.470605, -16.650195], [-58.350391, -16.49082], [-58.350781, -16.410254], [-58.340576, -16.339941], [-58.345605, -16.284375], [-58.375391, -16.283594], [-58.423682, -16.30791], [-58.496582, -16.32666], [-58.537939, -16.328223], [-58.957275, -16.313184], [-59.434277, -16.295996], [-59.831152, -16.281738], [-60.175586, -16.269336], [-60.187207, -16.132129], [-60.206641, -15.901953], [-60.22041, -15.738672], [-60.242334, -15.47959], [-60.380469, -15.318262], [-60.530469, -15.143164], [-60.583203, -15.09834], [-60.402002, -15.092773], [-60.27334, -15.08877], [-60.298877, -14.618555], [-60.338037, -14.570508], [-60.372705, -14.41875], [-60.39624, -14.332813], [-60.460156, -14.263086], [-60.474658, -14.184766], [-60.462988, -14.132422], [-60.428076, -14.1], [-60.40498, -14.019238], [-60.422363, -13.937988], [-60.460156, -13.862402], [-60.506592, -13.789844], [-60.595312, -13.745313], [-60.722363, -13.664355], [-60.914502, -13.561426], [-61.077002, -13.489746], [-61.12915, -13.498535], [-61.416064, -13.526563], [-61.511572, -13.541211], [-61.575684, -13.524805], [-61.789941, -13.525586], [-61.874121, -13.47041], [-61.944727, -13.40625], [-62.094775, -13.241992], [-62.118018, -13.159766], [-62.176074, -13.133691], [-62.263916, -13.143652], [-62.352832, -13.132422], [-62.525537, -13.064258], [-62.687061, -12.994336], [-62.765479, -12.997266], [-62.835156, -12.953711], [-62.95791, -12.84707], [-63.015186, -12.805566], [-63.041357, -12.750391], [-63.06748, -12.669141], [-63.116797, -12.65166], [-63.180664, -12.666211], [-63.249756, -12.70791], [-63.34668, -12.680078], [-63.465234, -12.605176], [-63.541895, -12.54668], [-63.585645, -12.518945], [-63.688574, -12.478027], [-63.788086, -12.469434], [-63.938574, -12.529688], [-64.061621, -12.505078], [-64.255029, -12.483301], [-64.420508, -12.439746], [-64.480762, -12.326172], [-64.513428, -12.250977], [-64.61167, -12.203906], [-64.690039, -12.146484], [-64.783447, -12.059375], [-64.829883, -12.030273], [-64.914355, -12.005957], [-64.992529, -11.975195], [-65.001221, -11.92002], [-65.030273, -11.847363], [-65.037109, -11.829395], [-65.090283, -11.741211], [-65.115137, -11.735059], [-65.142676, -11.752344], [-65.163379, -11.765137], [-65.185742, -11.749512], [-65.189746, -11.710059], [-65.175391, -11.646875], [-65.206201, -11.580566], [-65.282275, -11.511035], [-65.322021, -11.43916], [-65.325488, -11.364746], [-65.342383, -11.315039], [-65.372852, -11.289941], [-65.389893, -11.246289], [-65.393604, -11.184277], [-65.371582, -11.110352], [-65.323779, -11.024805], [-65.334033, -10.892773], [-65.402295, -10.714746], [-65.43999, -10.58623], [-65.447119, -10.507422], [-65.436914, -10.449023], [-65.395459, -10.392285], [-65.313086, -10.253027], [-65.298584, -10.146777], [-65.324561, -10.026953], [-65.328125, -9.935547], [-65.309326, -9.872656], [-65.337891, -9.790234], [-65.396143, -9.712402], [-65.436768, -9.710449], [-65.491992, -9.731738], [-65.558691, -9.797461], [-65.637109, -9.809082], [-65.706787, -9.768457], [-65.924707, -9.785449], [-66.263574, -9.826074], [-66.399219, -9.868164], [-66.478906, -9.886133], [-66.575342, -9.899902], [-66.72998, -9.975488], [-67.111523, -10.268945], [-67.190479, -10.311426], [-67.280469, -10.317285], [-67.332715, -10.35791], [-67.416943, -10.389844], [-67.582422, -10.505957], [-67.66665, -10.598926], [-67.721777, -10.683105], [-67.785693, -10.686035], [-67.83501, -10.662793], [-67.991699, -10.674414], [-68.07168, -10.703125], [-68.158643, -10.785059], [-68.266602, -10.933105], [-68.311133, -10.975195], [-68.397998, -11.01875], [-68.49834, -11.054785], [-68.622656, -11.10918], [-68.678369, -11.112793], [-68.72749, -11.122461], [-68.769922, -11.097656], [-68.784082, -11.044629], [-68.84834, -11.011133], [-69.00166, -10.994336], [-69.228516, -10.955664], [-69.462549, -10.948145], [-69.578613, -10.951758], [-69.674023, -10.954102], [-69.839795, -10.933398], [-69.960352, -10.929883], [-70.066309, -10.982422], [-70.220068, -11.047656], [-70.290381, -11.064258], [-70.341992, -11.066699], [-70.392285, -11.058594], [-70.450879, -11.024805], [-70.533252, -10.946875], [-70.596533, -10.976855], [-70.642334, -11.010254], [-70.641553, -10.84082], [-70.640332, -10.586035], [-70.639355, -10.361328], [-70.638525, -10.181543], [-70.637598, -9.971777], [-70.636914, -9.82373], [-70.593799, -9.76748], [-70.567236, -9.70459], [-70.59917, -9.620508], [-70.592236, -9.543457], [-70.570166, -9.489844], [-70.541113, -9.4375], [-70.60791, -9.463672], [-70.636914, -9.478223], [-70.672461, -9.517969], [-70.758496, -9.57168], [-70.81626, -9.625293], [-70.884521, -9.669043], [-70.970752, -9.765723], [-71.041748, -9.81875], [-71.115283, -9.852441], [-71.237939, -9.966016], [-71.339404, -9.988574], [-71.608008, -10.006055], [-71.887451, -10.005566], [-72.142969, -10.005176], [-72.181592, -10.003711], [-72.179102, -9.910156], [-72.172852, -9.844043], [-72.259961, -9.774316], [-72.26582, -9.688477], [-72.289014, -9.629199], [-72.318066, -9.556641], [-72.379053, -9.510156], [-72.464746, -9.492188], [-72.605469, -9.452051], [-72.814258, -9.410352], [-73.01377, -9.407422], [-73.209424, -9.411426], [-73.089844, -9.265723], [-72.970361, -9.120117], [-72.974023, -8.993164], [-73.070508, -8.882812], [-73.122559, -8.814063], [-73.203125, -8.719336], [-73.302441, -8.654004], [-73.356738, -8.566992], [-73.351709, -8.51416], [-73.3604, -8.479297], [-73.398145, -8.458984], [-73.435889, -8.427051], [-73.488135, -8.392188], [-73.549121, -8.345801], [-73.549121, -8.299316], [-73.572363, -8.249902], [-73.610107, -8.191895], [-73.610107, -8.14541], [-73.644922, -8.072852], [-73.682666, -8.020605], [-73.72041, -7.985742], [-73.775586, -7.936426], [-73.772705, -7.895703], [-73.732031, -7.875391], [-73.7146, -7.829004], [-73.72041, -7.78252], [-73.766895, -7.753516], [-73.82207, -7.738965], [-73.894629, -7.654785], [-73.946875, -7.61123], [-73.981738, -7.585059], [-74.002051, -7.556055], [-73.981738, -7.535742], [-73.958496, -7.506641], [-73.952686, -7.460254], [-73.964307, -7.416699], [-73.964307, -7.378906], [-73.929443, -7.367285], [-73.891748, -7.373145], [-73.854004, -7.349902], [-73.804639, -7.341211], [-73.749463, -7.335352], [-73.72041, -7.309277], [-73.72334, -7.262793], [-73.758203, -7.172754], [-73.793018, -7.135059], [-73.804639, -7.079883], [-73.77627, -6.973535], [-73.758105, -6.905762], [-73.694531, -6.833789], [-73.499902, -6.679492], [-73.325488, -6.574707], [-73.240332, -6.564063], [-73.177441, -6.525195], [-73.137354, -6.46582], [-73.126318, -6.400879], [-73.135352, -6.344336], [-73.167725, -6.260645], [-73.206494, -6.156445], [-73.235547, -6.098438], [-73.209375, -6.028711], [-73.162891, -5.933398], [-73.068066, -5.789551], [-72.979883, -5.634863], [-72.970215, -5.589648], [-72.958936, -5.495215], [-72.918262, -5.302539], [-72.895801, -5.198242], [-72.907471, -5.157715], [-72.887061, -5.122754], [-72.831934, -5.09375], [-72.69873, -5.067188], [-72.60835, -5.00957], [-72.468994, -4.90127], [-72.352832, -4.786035], [-72.256787, -4.748926], [-72.08252, -4.642285], [-71.982422, -4.574609], [-71.943164, -4.55332], [-71.844727, -4.504395], [-71.668359, -4.487305], [-71.521338, -4.469727], [-71.438281, -4.437598], [-71.316797, -4.424316], [-71.23501, -4.388184], [-71.144238, -4.387207], [-70.973682, -4.350488], [-70.915625, -4.295313], [-70.866016, -4.22959], [-70.799512, -4.17334], [-70.721582, -4.158887], [-70.63457, -4.168652], [-70.530664, -4.167578], [-70.404639, -4.150098], [-70.343652, -4.193652], [-70.316895, -4.246973], [-70.23916, -4.301172], [-70.183984, -4.298145], [-70.128809, -4.286621], [-70.05332, -4.333105], [-70.003955, -4.327246], [-69.972021, -4.301172], [-69.965918, -4.235938], [-69.948193, -4.200586], [-69.911035, -3.996582], [-69.849756, -3.659863], [-69.794141, -3.35459], [-69.732617, -3.016699], [-69.669043, -2.667676], [-69.604687, -2.314258], [-69.551855, -2.024219], [-69.506445, -1.774902], [-69.478613, -1.621973], [-69.434912, -1.42168], [-69.417871, -1.245703], [-69.400244, -1.194922], [-69.411426, -1.152246], [-69.449121, -1.091602], [-69.44873, -1.064941], [-69.444336, -1.02959], [-69.44873, -0.99873], [-69.488428, -0.965723], [-69.519287, -0.945801], [-69.543555, -0.917188], [-69.55459, -0.877441], [-69.574414, -0.837793], [-69.583252, -0.795898], [-69.611914, -0.762793], [-69.620703, -0.720898], [-69.600879, -0.68125], [-69.592041, -0.639355], [-69.600879, -0.599609], [-69.611914, -0.55332], [-69.633984, -0.509277], [-69.66748, -0.482422], [-69.747461, -0.452539], [-69.82793, -0.381348], [-69.922754, -0.31748], [-70.044043, -0.196191], [-70.070508, -0.138867], [-70.070947, 0.018555], [-70.065723, 0.189355], [-70.05791, 0.447363], [-70.053906, 0.578613], [-69.985449, 0.58584], [-69.925098, 0.589404], [-69.862061, 0.598486], [-69.807129, 0.607471], [-69.756738, 0.626367], [-69.718896, 0.649805], [-69.673828, 0.665088], [-69.638721, 0.659668], [-69.603613, 0.680371], [-69.564844, 0.700195], [-69.527051, 0.716406], [-69.472119, 0.729932], [-69.420801, 0.698389], [-69.391992, 0.666895], [-69.358643, 0.651562], [-69.327148, 0.655176], [-69.305518, 0.652441], [-69.283008, 0.627246], [-69.254199, 0.625439], [-69.212793, 0.629932], [-69.174072, 0.635352], [-69.156055, 0.642529], [-69.15332, 0.658789], [-69.163232, 0.68667], [-69.176758, 0.712842], [-69.165967, 0.75332], [-69.165039, 0.801953], [-69.163232, 0.864062], [-69.193848, 0.898291], [-69.224463, 0.963135], [-69.258691, 1.015381], [-69.311816, 1.050488], [-69.361377, 1.064014], [-69.402783, 1.042383], [-69.441504, 1.038818], [-69.470312, 1.058594], [-69.517139, 1.059473], [-69.567578, 1.065771], [-69.620898, 1.073242], [-69.716992, 1.059082], [-69.751318, 1.076611], [-69.798145, 1.078418], [-69.852148, 1.059521], [-69.850781, 1.308789], [-69.849463, 1.543896], [-69.848584, 1.70874], [-69.799951, 1.705176], [-69.7396, 1.734863], [-69.650049, 1.739453], [-69.58125, 1.770752], [-69.54292, 1.773242], [-69.470166, 1.75791], [-69.394336, 1.725781], [-69.319727, 1.72124], [-69.124268, 1.721289], [-68.913184, 1.721387], [-68.678467, 1.721484], [-68.443457, 1.721582], [-68.239551, 1.72168], [-68.176562, 1.719824], [-68.213281, 1.774561], [-68.255957, 1.845508], [-68.239453, 1.901367], [-68.218359, 1.957617], [-68.193799, 1.987012], [-68.130273, 1.955762], [-68.077051, 1.860107], [-68.032861, 1.788037], [-67.989746, 1.752539], [-67.93623, 1.748486], [-67.875537, 1.760596], [-67.815088, 1.790088], [-67.711865, 1.922119], [-67.609229, 2.035059], [-67.556055, 2.072998], [-67.499658, 2.10791], [-67.457764, 2.121143], [-67.400439, 2.116699], [-67.351953, 2.08584], [-67.320605, 2.03208], [-67.205811, 1.844824], [-67.119238, 1.703613], [-67.090137, 1.615576], [-67.088281, 1.400586], [-67.093652, 1.21001], [-67.082275, 1.1854], [-67.065234, 1.178369], [-66.876025, 1.223047]]], [[[-49.628662, -0.229199], [-49.535205, -0.233594], [-49.402881, -0.214648], [-49.314258, -0.167871], [-49.215088, -0.158691], [-49.116992, -0.163574], [-48.786572, -0.215527], [-48.588037, -0.231641], [-48.51543, -0.248242], [-48.444482, -0.271875], [-48.392676, -0.297363], [-48.379687, -0.352832], [-48.428027, -0.441504], [-48.463965, -0.534766], [-48.497461, -0.664941], [-48.52334, -0.691406], [-48.56665, -0.684473], [-48.539697, -0.800977], [-48.549512, -0.847559], [-48.570947, -0.892871], [-48.624072, -0.986914], [-48.70459, -1.106641], [-48.728516, -1.131738], [-48.789844, -1.17334], [-48.839697, -1.226562], [-48.829004, -1.276563], [-48.804053, -1.326953], [-48.833594, -1.390039], [-48.928906, -1.482324], [-48.985938, -1.504688], [-49.038477, -1.514063], [-49.086865, -1.505078], [-49.172705, -1.412598], [-49.181689, -1.484961], [-49.204785, -1.558984], [-49.233984, -1.599512], [-49.344824, -1.595215], [-49.406592, -1.555566], [-49.506641, -1.511621], [-49.525684, -1.630469], [-49.587891, -1.712402], [-49.650586, -1.738086], [-49.748779, -1.755371], [-49.805127, -1.790234], [-49.911328, -1.762988], [-50.009961, -1.708496], [-50.065723, -1.703809], [-50.109277, -1.747852], [-50.338428, -1.755957], [-50.443457, -1.800684], [-50.507617, -1.787988], [-50.602051, -1.697754], [-50.617188, -1.637695], [-50.673389, -1.516016], [-50.723828, -1.371484], [-50.759766, -1.240234], [-50.729492, -1.126758], [-50.668311, -1.130566], [-50.595898, -1.147461], [-50.580518, -1.139453], [-50.576953, -1.103125], [-50.59292, -1.072949], [-50.709619, -1.077734], [-50.783301, -1.010352], [-50.796094, -0.90625], [-50.780957, -0.689844], [-50.771387, -0.64541], [-50.719922, -0.583398], [-50.703076, -0.528516], [-50.71582, -0.470215], [-50.693701, -0.364453], [-50.645508, -0.272852], [-50.461572, -0.157422], [-50.248242, -0.116406], [-49.628662, -0.229199]]], [[[-44.129297, -23.141895], [-44.098047, -23.169336], [-44.155762, -23.166602], [-44.220508, -23.19082], [-44.320068, -23.212305], [-44.360156, -23.17207], [-44.274121, -23.116211], [-44.242871, -23.074121], [-44.22041, -23.08291], [-44.191602, -23.113281], [-44.129297, -23.141895]]], [[[-48.584424, -26.401563], [-48.603076, -26.41377], [-48.665771, -26.289648], [-48.539746, -26.170313], [-48.497607, -26.21875], [-48.531104, -26.313184], [-48.568066, -26.379688], [-48.584424, -26.401563]]], [[[-45.260254, -23.88916], [-45.260889, -23.941309], [-45.302539, -23.914746], [-45.412842, -23.934961], [-45.451416, -23.895605], [-45.302344, -23.727539], [-45.272266, -23.751953], [-45.249072, -23.782617], [-45.233105, -23.825391], [-45.250293, -23.853027], [-45.260254, -23.88916]]], [[[-44.499316, -2.939648], [-44.597754, -3.037598], [-44.565332, -2.923926], [-44.581885, -2.845605], [-44.569092, -2.784961], [-44.501953, -2.72627], [-44.481445, -2.717578], [-44.487305, -2.789746], [-44.482568, -2.811914], [-44.499316, -2.939648]]], [[[-38.743848, -13.09707], [-38.783008, -13.118652], [-38.786963, -13.055078], [-38.684863, -12.974902], [-38.668115, -12.880176], [-38.614551, -12.924023], [-38.600293, -12.972461], [-38.601172, -12.992578], [-38.743848, -13.09707]]], [[[-38.903564, -13.473438], [-38.937891, -13.532324], [-38.977588, -13.523535], [-38.993213, -13.484082], [-39.022168, -13.445605], [-39.006592, -13.415527], [-38.980127, -13.398438], [-38.907129, -13.401074], [-38.903564, -13.473438]]], [[[-44.883105, -1.317871], [-44.947119, -1.366016], [-44.967871, -1.39082], [-45.02085, -1.372363], [-45.01123, -1.344727], [-44.995605, -1.347559], [-44.978662, -1.267285], [-44.888281, -1.276855], [-44.883105, -1.317871]]], [[[-49.738232, 0.268164], [-49.697266, 0.215967], [-49.838965, 0.006885], [-49.91709, -0.023193], [-50.00249, -0.029297], [-50.113135, 0.033008], [-50.285596, 0.028564], [-50.339453, 0.043359], [-50.345117, 0.134473], [-50.272656, 0.231738], [-50.127979, 0.226514], [-49.879004, 0.304541], [-49.738232, 0.268164]]], [[[-50.298975, 1.938525], [-50.398779, 1.892871], [-50.456104, 1.910498], [-50.508984, 2.029541], [-50.491016, 2.128613], [-50.41875, 2.161475], [-50.362646, 2.154443], [-50.341992, 2.141748], [-50.29209, 1.97959], [-50.298975, 1.938525]]], [[[-50.652881, -0.131641], [-50.926367, -0.327344], [-51.018994, -0.263086], [-51.038086, -0.225879], [-51.022363, -0.188379], [-51.025732, -0.172363], [-50.995068, -0.105273], [-50.842187, -0.050195], [-50.765283, -0.040869], [-50.666992, -0.058008], [-50.650586, -0.105859], [-50.652881, -0.131641]]], [[[-49.443896, -0.112402], [-49.708838, -0.14375], [-49.830078, -0.093896], [-49.802686, -0.051855], [-49.712305, 0.015137], [-49.602197, 0.062695], [-49.503467, 0.083691], [-49.400488, 0.057227], [-49.372314, 0.001074], [-49.380859, -0.055469], [-49.443896, -0.112402]]], [[[-50.426123, 0.139258], [-50.443945, -0.007666], [-50.623926, 0.054395], [-50.610449, 0.204785], [-50.526221, 0.246924], [-50.451562, 0.326904], [-50.426074, 0.424951], [-50.424561, 0.558252], [-50.396875, 0.581396], [-50.372754, 0.590869], [-50.350977, 0.581738], [-50.342529, 0.381592], [-50.332275, 0.259033], [-50.426123, 0.139258]]], [[[-50.15293, 0.393018], [-50.261328, 0.35918], [-50.281543, 0.39082], [-50.281689, 0.516504], [-50.251172, 0.585449], [-50.112793, 0.604736], [-50.098633, 0.625], [-50.058838, 0.638037], [-50.036816, 0.594824], [-50.040039, 0.522803], [-50.15293, 0.393018]]], [[[-51.83252, -1.433789], [-51.938379, -1.452637], [-51.802051, -1.202539], [-51.680029, -1.086133], [-51.678271, -0.855078], [-51.546045, -0.649609], [-51.424463, -0.565918], [-51.254004, -0.541406], [-51.160742, -0.666699], [-51.276318, -1.021777], [-51.310107, -1.023828], [-51.465137, -1.211133], [-51.637695, -1.341895], [-51.83252, -1.433789]]], [[[-48.485889, -27.766992], [-48.55459, -27.812207], [-48.542187, -27.574805], [-48.505176, -27.495508], [-48.464746, -27.436328], [-48.414893, -27.399609], [-48.37793, -27.451465], [-48.40957, -27.566309], [-48.496777, -27.707031], [-48.485889, -27.766992]]]]}}, {"type": "Feature", "properties": {"nombre": "Bolivia", "iso": "BOL"}, "geometry": {"type": "Polygon", "coordinates": [[[-69.510937, -17.506055], [-69.511084, -17.504883], [-69.510986, -17.460352], [-69.521924, -17.388965], [-69.563818, -17.33291], [-69.625879, -17.294434], [-69.645703, -17.248535], [-69.624854, -17.200195], [-69.50332, -17.104785], [-69.43833, -17.088379], [-69.421094, -17.040039], [-69.381543, -17.001367], [-69.267236, -16.860938], [-69.199805, -16.768457], [-69.13252, -16.713086], [-69.054541, -16.674316], [-69.020703, -16.642188], [-69.038379, -16.542676], [-69.03291, -16.475977], [-69.00625, -16.433691], [-68.928027, -16.389063], [-68.857812, -16.354785], [-68.842773, -16.337891], [-68.848828, -16.312793], [-68.913477, -16.261914], [-69.04624, -16.217676], [-69.13418, -16.221973], [-69.187988, -16.182813], [-69.217578, -16.149121], [-69.391895, -15.736914], [-69.420898, -15.640625], [-69.418506, -15.603418], [-69.301904, -15.399414], [-69.254297, -15.33291], [-69.172461, -15.236621], [-69.187109, -15.19873], [-69.330713, -15.038965], [-69.374707, -14.962988], [-69.37373, -14.8875], [-69.359473, -14.795313], [-69.276025, -14.745898], [-69.252344, -14.671094], [-69.234912, -14.59707], [-69.199268, -14.572559], [-69.162695, -14.530957], [-69.119727, -14.470313], [-69.052783, -14.417578], [-69.013135, -14.377246], [-69.004492, -14.265039], [-68.971777, -14.234375], [-68.880322, -14.198828], [-68.870898, -14.169727], [-68.891699, -14.094336], [-68.937451, -14.014648], [-68.974268, -13.975977], [-69.023047, -13.780273], [-69.074121, -13.682813], [-69.052832, -13.643945], [-69.017529, -13.594434], [-68.983447, -13.496387], [-68.972266, -13.382324], [-68.980518, -12.962598], [-68.978613, -12.880078], [-68.93374, -12.82207], [-68.867676, -12.755176], [-68.811816, -12.72959], [-68.759082, -12.687207], [-68.762891, -12.607715], [-68.728125, -12.560742], [-68.685254, -12.501953], [-68.818701, -12.27041], [-68.936035, -12.066797], [-69.046191, -11.875684], [-69.17373, -11.654297], [-69.257715, -11.508594], [-69.362012, -11.327539], [-69.453613, -11.16875], [-69.578613, -10.951758], [-69.462549, -10.948145], [-69.228516, -10.955664], [-69.00166, -10.994336], [-68.84834, -11.011133], [-68.784082, -11.044629], [-68.769922, -11.097656], [-68.72749, -11.122461], [-68.678369, -11.112793], [-68.622656, -11.10918], [-68.49834, -11.054785], [-68.397998, -11.01875], [-68.311133, -10.975195], [-68.266602, -10.933105], [-68.158643, -10.785059], [-68.07168, -10.703125], [-67.991699, -10.674414], [-67.83501, -10.662793], [-67.785693, -10.686035], [-67.721777, -10.683105], [-67.66665, -10.598926], [-67.582422, -10.505957], [-67.416943, -10.389844], [-67.332715, -10.35791], [-67.280469, -10.317285], [-67.190479, -10.311426], [-67.111523, -10.268945], [-66.72998, -9.975488], [-66.575342, -9.899902], [-66.478906, -9.886133], [-66.399219, -9.868164], [-66.263574, -9.826074], [-65.924707, -9.785449], [-65.706787, -9.768457], [-65.637109, -9.809082], [-65.558691, -9.797461], [-65.491992, -9.731738], [-65.436768, -9.710449], [-65.396143, -9.712402], [-65.337891, -9.790234], [-65.309326, -9.872656], [-65.328125, -9.935547], [-65.324561, -10.026953], [-65.298584, -10.146777], [-65.313086, -10.253027], [-65.395459, -10.392285], [-65.436914, -10.449023], [-65.447119, -10.507422], [-65.43999, -10.58623], [-65.402295, -10.714746], [-65.334033, -10.892773], [-65.323779, -11.024805], [-65.371582, -11.110352], [-65.393604, -11.184277], [-65.389893, -11.246289], [-65.372852, -11.289941], [-65.342383, -11.315039], [-65.325488, -11.364746], [-65.322021, -11.43916], [-65.282275, -11.511035], [-65.206201, -11.580566], [-65.175391, -11.646875], [-65.189746, -11.710059], [-65.185742, -11.749512], [-65.163379, -11.765137], [-65.142676, -11.752344], [-65.115137, -11.735059], [-65.090283, -11.741211], [-65.037109, -11.829395], [-65.030273, -11.847363], [-65.001221, -11.92002], [-64.992529, -11.975195], [-64.914355, -12.005957], [-64.829883, -12.030273], [-64.783447, -12.059375], [-64.690039, -12.146484], [-64.61167, -12.203906], [-64.513428, -12.250977], [-64.480762, -12.326172], [-64.420508, -12.439746], [-64.255029, -12.483301], [-64.061621, -12.505078], [-63.938574, -12.529688], [-63.788086, -12.469434], [-63.688574, -12.478027], [-63.585645, -12.518945], [-63.541895, -12.54668], [-63.465234, -12.605176], [-63.34668, -12.680078], [-63.249756, -12.70791], [-63.180664, -12.666211], [-63.116797, -12.65166], [-63.06748, -12.669141], [-63.041357, -12.750391], [-63.015186, -12.805566], [-62.95791, -12.84707], [-62.835156, -12.953711], [-62.765479, -12.997266], [-62.687061, -12.994336], [-62.525537, -13.064258], [-62.352832, -13.132422], [-62.263916, -13.143652], [-62.176074, -13.133691], [-62.118018, -13.159766], [-62.094775, -13.241992], [-61.944727, -13.40625], [-61.874121, -13.47041], [-61.789941, -13.525586], [-61.575684, -13.524805], [-61.511572, -13.541211], [-61.416064, -13.526563], [-61.12915, -13.498535], [-61.077002, -13.489746], [-60.914502, -13.561426], [-60.722363, -13.664355], [-60.595312, -13.745313], [-60.506592, -13.789844], [-60.460156, -13.862402], [-60.422363, -13.937988], [-60.40498, -14.019238], [-60.428076, -14.1], [-60.462988, -14.132422], [-60.474658, -14.184766], [-60.460156, -14.263086], [-60.39624, -14.332813], [-60.372705, -14.41875], [-60.338037, -14.570508], [-60.298877, -14.618555], [-60.27334, -15.08877], [-60.402002, -15.092773], [-60.583203, -15.09834], [-60.530469, -15.143164], [-60.380469, -15.318262], [-60.242334, -15.47959], [-60.22041, -15.738672], [-60.206641, -15.901953], [-60.187207, -16.132129], [-60.175586, -16.269336], [-59.831152, -16.281738], [-59.434277, -16.295996], [-58.957275, -16.313184], [-58.537939, -16.328223], [-58.496582, -16.32666], [-58.423682, -16.30791], [-58.375391, -16.283594], [-58.345605, -16.284375], [-58.340576, -16.339941], [-58.350781, -16.410254], [-58.350391, -16.49082], [-58.470605, -16.650195], [-58.478125, -16.700684], [-58.459814, -16.910742], [-58.417383, -17.080566], [-58.395996, -17.234277], [-58.347754, -17.282129], [-58.205566, -17.363086], [-57.990918, -17.512891], [-57.905029, -17.532324], [-57.832471, -17.512109], [-57.788867, -17.573047], [-57.780176, -17.671777], [-57.66167, -17.947363], [-57.586475, -18.122266], [-57.552051, -18.183105], [-57.495654, -18.214648], [-57.506152, -18.237305], [-57.553125, -18.246484], [-57.574023, -18.279297], [-57.63916, -18.475], [-57.725, -18.733203], [-57.783105, -18.914258], [-57.730859, -18.917188], [-57.728613, -18.967383], [-57.716797, -19.044043], [-57.781445, -19.053516], [-57.800391, -19.080957], [-57.874512, -19.229492], [-57.97168, -19.424219], [-58.072021, -19.625293], [-58.131494, -19.744531], [-58.029932, -19.832715], [-57.860742, -19.97959], [-57.887598, -20.02041], [-57.960156, -20.040723], [-58.021143, -20.055176], [-58.067627, -20.110352], [-58.09375, -20.151074], [-58.159766, -20.164648], [-58.139941, -19.998828], [-58.160059, -19.854883], [-58.180176, -19.817871], [-58.474219, -19.646094], [-58.741113, -19.490234], [-59.090527, -19.28623], [-59.540869, -19.291797], [-60.007373, -19.297559], [-60.451611, -19.38877], [-60.88877, -19.478516], [-61.095996, -19.520996], [-61.511816, -19.606445], [-61.756836, -19.645313], [-61.820898, -19.809473], [-61.916943, -20.055371], [-62.011816, -20.199023], [-62.121631, -20.349902], [-62.276318, -20.5625], [-62.276514, -20.820801], [-62.27666, -21.066016], [-62.385449, -21.411719], [-62.477832, -21.705273], [-62.566943, -21.988672], [-62.628516, -22.183984], [-62.650977, -22.233691], [-62.665283, -22.217969], [-62.74458, -22.159863], [-62.815088, -22.049609], [-62.834277, -21.999121], [-62.843359, -21.997266], [-63.267187, -22.000586], [-63.675342, -22.004297], [-63.716943, -22.027539], [-63.775586, -22.027246], [-63.818652, -22.005469], [-63.861035, -22.007227], [-63.92168, -22.028613], [-63.976123, -22.072559], [-64.131836, -22.36582], [-64.209082, -22.491309], [-64.266406, -22.60332], [-64.30791, -22.795313], [-64.325293, -22.827637], [-64.373975, -22.761035], [-64.445508, -22.585352], [-64.477734, -22.485352], [-64.523633, -22.371582], [-64.605518, -22.228809], [-64.700098, -22.185547], [-64.758643, -22.171289], [-64.843066, -22.143945], [-64.992627, -22.109668], [-65.057812, -22.102734], [-65.484863, -22.098145], [-65.518799, -22.094531], [-65.686182, -22.110254], [-65.771045, -22.099609], [-65.860156, -22.019727], [-66.058594, -21.879492], [-66.098584, -21.835059], [-66.174658, -21.805664], [-66.220166, -21.802539], [-66.247607, -21.830469], [-66.282129, -21.947461], [-66.322461, -22.053125], [-66.365186, -22.11377], [-66.506982, -22.158398], [-66.639014, -22.205371], [-66.711719, -22.216309], [-66.750635, -22.269336], [-66.76748, -22.343066], [-66.800293, -22.409668], [-66.991113, -22.509863], [-67.033545, -22.552246], [-67.05542, -22.650879], [-67.161914, -22.773828], [-67.194873, -22.82168], [-67.362256, -22.855176], [-67.579932, -22.891699], [-67.707324, -22.88916], [-67.794434, -22.879492], [-67.820508, -22.857715], [-67.879443, -22.822949], [-67.88916, -22.78418], [-67.88999, -22.729199], [-67.87373, -22.630566], [-67.881738, -22.493359], [-67.950391, -22.333691], [-67.944922, -22.282227], [-67.953906, -22.204004], [-67.988379, -22.057129], [-68.076758, -21.982813], [-68.101807, -21.860645], [-68.112158, -21.753027], [-68.186426, -21.618555], [-68.198535, -21.447266], [-68.197021, -21.300293], [-68.313867, -21.129688], [-68.435498, -20.948242], [-68.533838, -20.923633], [-68.558252, -20.901953], [-68.568945, -20.849805], [-68.571045, -20.769141], [-68.563184, -20.720117], [-68.487402, -20.640723], [-68.484326, -20.628418], [-68.499854, -20.612012], [-68.695801, -20.492969], [-68.745166, -20.458594], [-68.760547, -20.416211], [-68.759229, -20.378027], [-68.712305, -20.338965], [-68.688574, -20.310059], [-68.73457, -20.225195], [-68.730029, -20.148438], [-68.759326, -20.115527], [-68.755811, -20.09082], [-68.72749, -20.069629], [-68.600195, -20.044922], [-68.560693, -19.96709], [-68.559375, -19.902344], [-68.578271, -19.856543], [-68.696191, -19.740723], [-68.698291, -19.721094], [-68.575293, -19.560156], [-68.487012, -19.454395], [-68.462891, -19.432813], [-68.470166, -19.409961], [-68.491992, -19.381934], [-68.547852, -19.341113], [-68.620557, -19.29668], [-68.680664, -19.242383], [-68.759082, -19.162207], [-68.857959, -19.093359], [-68.931006, -19.025195], [-68.968311, -18.967969], [-68.969092, -18.909668], [-68.978857, -18.812988], [-69.026807, -18.65625], [-69.039404, -18.550098], [-69.060156, -18.433008], [-69.080957, -18.356641], [-69.092285, -18.282422], [-69.126367, -18.202441], [-69.145459, -18.144043], [-69.118066, -18.102734], [-69.09043, -18.070703], [-69.093945, -18.050488], [-69.282324, -17.964844], [-69.313379, -17.943164], [-69.358008, -17.77168], [-69.49502, -17.619531], [-69.510937, -17.506055]]]}}, {"type": "Feature", "properties": {"nombre": "Argentina", "iso": "ARG"}, "geometry": {"type": "MultiPolygon", "coordinates": [[[[-57.608887, -30.187793], [-57.645752, -30.226953], [-57.650879, -30.29502], [-57.712695, -30.384473], [-57.831201, -30.495215], [-57.87251, -30.591016], [-57.818555, -30.712012], [-57.810596, -30.858594], [-57.834082, -30.91748], [-57.886328, -30.937402], [-57.898291, -30.975195], [-57.870068, -31.031055], [-57.868408, -31.104395], [-57.893359, -31.195312], [-57.94834, -31.299414], [-58.033398, -31.416602], [-58.053857, -31.494922], [-58.009668, -31.534375], [-57.987988, -31.576172], [-57.988867, -31.620605], [-58.006982, -31.684961], [-58.042334, -31.769238], [-58.09585, -31.831836], [-58.16748, -31.872656], [-58.189014, -31.924219], [-58.1604, -31.986523], [-58.156348, -32.051563], [-58.177002, -32.119043], [-58.164795, -32.184863], [-58.119727, -32.248926], [-58.123047, -32.321875], [-58.201172, -32.47168], [-58.219971, -32.563965], [-58.170996, -32.959277], [-58.200781, -33.014648], [-58.250391, -33.07832], [-58.308887, -33.08291], [-58.375977, -33.071875], [-58.424463, -33.111523], [-58.454834, -33.285938], [-58.547217, -33.663477], [-58.530566, -33.753027], [-58.456592, -33.89834], [-58.429492, -33.990918], [-58.409033, -34.060742], [-58.39248, -34.192969], [-58.435498, -34.252539], [-58.475244, -34.262988], [-58.525488, -34.296191], [-58.466211, -34.457422], [-58.418945, -34.531641], [-58.28335, -34.683496], [-57.763574, -34.894531], [-57.547852, -35.018945], [-57.303662, -35.188477], [-57.170654, -35.3625], [-57.158887, -35.505957], [-57.353906, -35.720313], [-57.375488, -35.900293], [-57.335449, -36.026758], [-57.26499, -36.144141], [-57.076172, -36.296777], [-56.937158, -36.352539], [-56.749463, -36.346484], [-56.717383, -36.389063], [-56.698096, -36.426465], [-56.668262, -36.735254], [-56.672021, -36.85127], [-56.727148, -36.957715], [-57.087695, -37.446387], [-57.395752, -37.744629], [-57.507275, -37.909277], [-57.546973, -38.085645], [-57.645605, -38.169629], [-58.179199, -38.43584], [-59.007227, -38.67334], [-59.67627, -38.79668], [-59.82832, -38.838184], [-60.903955, -38.973926], [-61.112207, -38.992969], [-61.382861, -38.980859], [-61.602539, -38.998828], [-61.8479, -38.961816], [-62.066895, -38.919141], [-62.189258, -38.813281], [-62.334766, -38.800098], [-62.374463, -38.85293], [-62.303613, -38.988086], [-62.338086, -39.150586], [-62.295068, -39.243262], [-62.209082, -39.261816], [-62.126465, -39.309766], [-62.053662, -39.373828], [-62.179346, -39.380469], [-62.130566, -39.431543], [-62.076807, -39.461523], [-62.082764, -39.568359], [-62.131543, -39.825391], [-62.253955, -39.880469], [-62.286914, -39.895313], [-62.323975, -39.950684], [-62.401855, -40.196582], [-62.427002, -40.355957], [-62.393604, -40.458789], [-62.246338, -40.674609], [-62.301855, -40.814648], [-62.39502, -40.89082], [-62.797998, -41.047168], [-62.959033, -41.109668], [-63.212842, -41.152441], [-63.621777, -41.159766], [-63.772998, -41.15], [-64.123193, -41.007812], [-64.383447, -40.922461], [-64.621484, -40.854492], [-64.852979, -40.81377], [-64.819873, -40.793262], [-64.804395, -40.756543], [-64.869482, -40.73584], [-64.916895, -40.731348], [-65.069434, -40.805273], [-65.133398, -40.880664], [-65.151855, -40.946973], [-65.15498, -41.105664], [-65.127881, -41.23877], [-65.018262, -41.566895], [-65.007031, -41.745117], [-65.059082, -41.969922], [-64.986377, -42.102051], [-64.898047, -42.161816], [-64.699512, -42.220801], [-64.622461, -42.261035], [-64.537744, -42.25459], [-64.511719, -42.270215], [-64.524219, -42.299219], [-64.574121, -42.355957], [-64.570996, -42.416016], [-64.42041, -42.433789], [-64.2646, -42.42168], [-64.100879, -42.395117], [-64.062207, -42.353418], [-64.061182, -42.266113], [-64.25293, -42.250781], [-64.228516, -42.218262], [-64.083252, -42.182813], [-63.892871, -42.124609], [-63.795557, -42.113867], [-63.729492, -42.15293], [-63.684766, -42.188672], [-63.629883, -42.282715], [-63.595898, -42.406543], [-63.594434, -42.555566], [-63.617334, -42.695801], [-63.644482, -42.745703], [-63.69248, -42.805273], [-64.034766, -42.88125], [-64.130664, -42.861426], [-64.219922, -42.755566], [-64.247949, -42.646094], [-64.324268, -42.572266], [-64.487842, -42.513477], [-64.650488, -42.531445], [-64.811963, -42.633203], [-64.970703, -42.666309], [-65.026904, -42.758887], [-64.629199, -42.908984], [-64.441553, -42.950684], [-64.380371, -42.949219], [-64.319141, -42.968945], [-64.375684, -43.024609], [-64.432227, -43.05918], [-64.715234, -43.135547], [-64.839941, -43.188867], [-64.985547, -43.293555], [-65.189746, -43.52207], [-65.252344, -43.571875], [-65.283594, -43.62998], [-65.304688, -43.7875], [-65.238574, -44.04873], [-65.308398, -44.158203], [-65.265527, -44.279687], [-65.289844, -44.360742], [-65.361279, -44.477344], [-65.647607, -44.661426], [-65.69834, -44.796191], [-65.599121, -44.875586], [-65.605713, -44.94502], [-65.63877, -45.007812], [-65.757715, -45.007129], [-66.190137, -44.964746], [-66.347754, -45.033594], [-66.493604, -45.117578], [-66.533447, -45.157813], [-66.585059, -45.18291], [-66.882471, -45.227637], [-66.941406, -45.257324], [-67.257617, -45.577246], [-67.393018, -45.775586], [-67.556641, -45.970117], [-67.599561, -46.052539], [-67.608887, -46.166797], [-67.586084, -46.269531], [-67.563379, -46.34541], [-67.506445, -46.442773], [-67.386621, -46.553809], [-66.776855, -47.005859], [-66.650391, -47.045312], [-65.998535, -47.09375], [-65.853662, -47.156738], [-65.769092, -47.256738], [-65.738086, -47.344922], [-65.775391, -47.568359], [-65.814307, -47.638184], [-65.886328, -47.701562], [-66.040625, -47.783301], [-66.225244, -47.826758], [-66.172363, -47.857617], [-66.097363, -47.853223], [-65.934229, -47.826758], [-65.863672, -47.853223], [-65.810059, -47.941113], [-65.912158, -47.976758], [-65.943408, -48.019336], [-66.017187, -48.084277], [-66.393359, -48.342383], [-66.596289, -48.419531], [-66.782812, -48.522949], [-67.033105, -48.627734], [-67.130957, -48.687891], [-67.26333, -48.814258], [-67.466309, -48.951758], [-67.684863, -49.24668], [-67.693701, -49.304004], [-67.661963, -49.342187], [-67.783496, -49.858887], [-67.825977, -49.919629], [-67.913965, -49.984473], [-68.145654, -50.091406], [-68.257227, -50.10459], [-68.404639, -50.042676], [-68.487891, -49.97793], [-68.569287, -49.866992], [-68.667578, -49.752539], [-68.672656, -49.793457], [-68.638477, -49.862988], [-68.661621, -49.935742], [-68.912988, -49.96875], [-68.97959, -50.003027], [-68.752686, -49.987695], [-68.597949, -50.009473], [-68.532568, -50.036133], [-68.47373, -50.091406], [-68.421875, -50.15791], [-68.46543, -50.194727], [-68.589355, -50.225195], [-68.749854, -50.281152], [-68.939453, -50.382324], [-69.044775, -50.499121], [-69.090186, -50.583105], [-69.141406, -50.752539], [-69.15498, -50.864453], [-69.235156, -50.950586], [-69.358594, -51.028125], [-69.351758, -51.045801], [-69.267969, -51.006152], [-69.201025, -50.993652], [-69.143506, -51.096973], [-69.065723, -51.303516], [-69.02959, -51.446484], [-69.035303, -51.488965], [-69.058301, -51.547168], [-69.218066, -51.56123], [-69.360547, -51.559473], [-69.46543, -51.584473], [-69.409082, -51.610254], [-69.313037, -51.601074], [-69.180127, -51.662305], [-69.03252, -51.63623], [-68.965332, -51.677148], [-68.916797, -51.714648], [-68.69082, -52.013086], [-68.493506, -52.197559], [-68.39375, -52.307031], [-68.443359, -52.356641], [-68.460986, -52.29043], [-68.589795, -52.27334], [-68.715186, -52.255469], [-68.924561, -52.208105], [-69.206201, -52.136133], [-69.488428, -52.136133], [-69.712598, -52.075391], [-69.960254, -52.008203], [-70.482861, -52.002246], [-70.943164, -51.998145], [-71.414746, -51.993945], [-71.716602, -51.991309], [-71.918652, -51.989551], [-71.971094, -51.96416], [-71.953467, -51.880371], [-72.028418, -51.818652], [-72.136963, -51.744043], [-72.268994, -51.691113], [-72.334521, -51.620313], [-72.407666, -51.54082], [-72.366406, -51.470313], [-72.303223, -51.298926], [-72.301855, -51.22334], [-72.35918, -51.17041], [-72.376807, -51.09541], [-72.35918, -51.060156], [-72.307373, -51.033398], [-72.276318, -50.910254], [-72.300635, -50.789551], [-72.340234, -50.681836], [-72.392578, -50.634277], [-72.460156, -50.611719], [-72.509814, -50.60752], [-72.62041, -50.647656], [-72.803613, -50.637695], [-72.865918, -50.653125], [-72.955566, -50.696484], [-73.082373, -50.760352], [-73.15293, -50.738281], [-73.174512, -50.67002], [-73.221631, -50.610742], [-73.251611, -50.558496], [-73.27417, -50.472559], [-73.311719, -50.361914], [-73.386621, -50.231152], [-73.50127, -50.125293], [-73.507715, -50.030273], [-73.528906, -49.910938], [-73.47041, -49.794531], [-73.504541, -49.698047], [-73.57627, -49.58291], [-73.554199, -49.463867], [-73.483643, -49.397656], [-73.461572, -49.313867], [-73.135254, -49.300684], [-73.148877, -49.187988], [-73.09458, -49.096875], [-73.033643, -49.014355], [-72.981738, -48.976758], [-72.86543, -48.943945], [-72.728467, -48.896289], [-72.65127, -48.841602], [-72.614404, -48.792871], [-72.591748, -48.729688], [-72.585938, -48.6625], [-72.608398, -48.519336], [-72.582861, -48.475391], [-72.498145, -48.417383], [-72.354736, -48.36582], [-72.293018, -48.229102], [-72.32832, -48.110059], [-72.40791, -48.015918], [-72.509082, -47.97334], [-72.51792, -47.876367], [-72.472217, -47.78418], [-72.412598, -47.685547], [-72.341504, -47.57207], [-72.345947, -47.492676], [-72.28291, -47.446289], [-72.103418, -47.342773], [-72.041699, -47.241406], [-71.978516, -47.213867], [-71.90498, -47.20166], [-71.900537, -47.144336], [-71.954248, -47.0875], [-71.962988, -47.016016], [-71.956641, -46.936816], [-71.940234, -46.83125], [-71.856445, -46.791602], [-71.732715, -46.705859], [-71.699658, -46.651367], [-71.695215, -46.578418], [-71.731299, -46.427832], [-71.762109, -46.319824], [-71.777637, -46.27998], [-71.834131, -46.206738], [-71.875684, -46.160547], [-71.809277, -46.102734], [-71.684473, -46.041895], [-71.631543, -45.953711], [-71.680078, -45.878711], [-71.750635, -45.839063], [-71.772656, -45.724414], [-71.746191, -45.578906], [-71.693311, -45.534766], [-71.508105, -45.512695], [-71.49043, -45.437695], [-71.349316, -45.331934], [-71.35376, -45.230469], [-71.443457, -45.168262], [-71.531299, -45.067871], [-71.596289, -44.979199], [-71.812354, -44.930664], [-72.041699, -44.904199], [-72.07251, -44.82041], [-72.063721, -44.771875], [-71.957031, -44.791504], [-71.782812, -44.774414], [-71.65166, -44.77041], [-71.5604, -44.762012], [-71.455176, -44.749805], [-71.358154, -44.785156], [-71.261133, -44.763086], [-71.221484, -44.630762], [-71.159717, -44.560254], [-71.150879, -44.494043], [-71.212598, -44.441211], [-71.325732, -44.424902], [-71.82002, -44.383105], [-71.835059, -44.330176], [-71.830762, -44.241406], [-71.812109, -44.150781], [-71.812354, -44.106055], [-71.767187, -44.066699], [-71.716162, -43.984473], [-71.680078, -43.92959], [-71.715967, -43.858398], [-71.794727, -43.753223], [-71.737402, -43.704688], [-71.732764, -43.646777], [-71.750635, -43.590137], [-71.832422, -43.527148], [-71.90498, -43.440137], [-71.90498, -43.347559], [-71.820215, -43.322949], [-71.763867, -43.294629], [-71.750635, -43.237305], [-71.781494, -43.166797], [-71.898584, -43.145313], [-72.054688, -43.101953], [-72.102393, -43.065625], [-72.146436, -42.990039], [-72.113623, -42.776758], [-72.130029, -42.648242], [-72.143701, -42.577148], [-72.10542, -42.522461], [-72.053467, -42.473242], [-72.078125, -42.358496], [-72.124609, -42.29834], [-72.108203, -42.251855], [-72.064404, -42.205371], [-72.026123, -42.147949], [-71.993311, -42.134277], [-71.944092, -42.16709], [-71.860791, -42.147852], [-71.760937, -42.101465], [-71.75, -42.046777], [-71.77002, -41.968555], [-71.844482, -41.771973], [-71.911279, -41.650391], [-71.897607, -41.606641], [-71.871143, -41.560547], [-71.892187, -41.393359], [-71.885596, -41.292383], [-71.880713, -40.994629], [-71.873047, -40.892969], [-71.941357, -40.78916], [-71.932129, -40.691699], [-71.883789, -40.620605], [-71.838525, -40.524414], [-71.804639, -40.43916], [-71.769141, -40.400879], [-71.708984, -40.381738], [-71.695312, -40.335254], [-71.722656, -40.299707], [-71.800586, -40.244336], [-71.818311, -40.17666], [-71.801953, -40.124707], [-71.763672, -40.094629], [-71.704395, -40.094922], [-71.659766, -40.020801], [-71.647119, -39.929199], [-71.637891, -39.886816], [-71.67207, -39.833301], [-71.696826, -39.707031], [-71.719922, -39.635254], [-71.692578, -39.605176], [-71.654297, -39.594238], [-71.587012, -39.611133], [-71.539453, -39.602441], [-71.53125, -39.56416], [-71.525781, -39.523145], [-71.507764, -39.495215], [-71.465381, -39.402344], [-71.42002, -39.287207], [-71.409375, -39.205957], [-71.425586, -38.985645], [-71.401562, -38.935059], [-71.353174, -38.888867], [-71.285742, -38.84541], [-71.197266, -38.809375], [-71.087109, -38.75752], [-70.951611, -38.738477], [-70.896924, -38.681055], [-70.858643, -38.604492], [-70.847656, -38.541602], [-70.899658, -38.497852], [-70.967969, -38.445898], [-71.000488, -38.314844], [-71.018164, -38.193945], [-71.028174, -38.041211], [-71.096191, -37.909961], [-71.167578, -37.762305], [-71.186719, -37.631055], [-71.162842, -37.55918], [-71.134814, -37.445117], [-71.164893, -37.393262], [-71.200391, -37.300293], [-71.163477, -37.227441], [-71.118408, -37.114355], [-71.123828, -37.056934], [-71.159375, -36.920215], [-71.192187, -36.843652], [-71.159375, -36.761621], [-71.107422, -36.685059], [-71.066406, -36.644043], [-71.073242, -36.578027], [-71.055518, -36.52373], [-70.97793, -36.487305], [-70.905127, -36.419922], [-70.853174, -36.411719], [-70.790283, -36.411719], [-70.749268, -36.392578], [-70.732861, -36.340625], [-70.721924, -36.283203], [-70.621875, -36.211914], [-70.563379, -36.146387], [-70.456738, -36.132715], [-70.404785, -36.061719], [-70.403662, -35.970508], [-70.415723, -35.878516], [-70.380176, -35.771875], [-70.419727, -35.60918], [-70.415723, -35.523047], [-70.456738, -35.451953], [-70.448535, -35.375391], [-70.47041, -35.326172], [-70.532324, -35.30791], [-70.555176, -35.246875], [-70.525098, -35.216797], [-70.466602, -35.193652], [-70.393164, -35.146875], [-70.338135, -34.921777], [-70.312109, -34.85498], [-70.286768, -34.774512], [-70.289941, -34.732813], [-70.254687, -34.672656], [-70.210693, -34.58125], [-70.14126, -34.492871], [-70.101465, -34.432031], [-70.062988, -34.35], [-70.052051, -34.300781], [-70.002832, -34.27627], [-69.946338, -34.269922], [-69.879785, -34.254395], [-69.852441, -34.224316], [-69.857373, -34.180469], [-69.861523, -34.083594], [-69.881494, -33.929785], [-69.894336, -33.731348], [-69.882568, -33.600977], [-69.83877, -33.469727], [-69.797754, -33.398633], [-69.808691, -33.343945], [-69.819629, -33.283789], [-69.896191, -33.250977], [-69.969043, -33.279395], [-70.019824, -33.271484], [-70.084863, -33.201758], [-70.104004, -33.12793], [-70.093066, -33.026758], [-70.042139, -32.963672], [-70.021973, -32.88457], [-70.052051, -32.859961], [-70.116162, -32.807422], [-70.176953, -32.626074], [-70.169629, -32.47168], [-70.229785, -32.430664], [-70.257812, -32.309961], [-70.32002, -32.266699], [-70.344629, -32.176465], [-70.36377, -32.083496], [-70.355566, -32.042383], [-70.290918, -32.031055], [-70.254395, -31.957715], [-70.281738, -31.916602], [-70.330957, -31.881055], [-70.393848, -31.883789], [-70.450146, -31.841895], [-70.525635, -31.666406], [-70.585205, -31.569434], [-70.566406, -31.42793], [-70.554688, -31.317383], [-70.529053, -31.222852], [-70.51958, -31.148438], [-70.473096, -31.112793], [-70.429395, -31.129297], [-70.388379, -31.121094], [-70.350586, -31.060449], [-70.309082, -31.022656], [-70.311816, -30.992578], [-70.336426, -30.959766], [-70.348145, -30.902344], [-70.319238, -30.833984], [-70.269385, -30.677246], [-70.193945, -30.504688], [-70.161426, -30.440234], [-70.169629, -30.385547], [-70.153223, -30.360938], [-70.102002, -30.388281], [-69.956348, -30.358203], [-69.907129, -30.281641], [-69.888037, -30.213281], [-69.844287, -30.175], [-69.863379, -30.120313], [-69.923535, -30.103906], [-69.959961, -30.07832], [-69.945459, -30.016406], [-69.924121, -29.874023], [-69.927637, -29.769141], [-69.982617, -29.54541], [-70.026807, -29.324023], [-69.995605, -29.25], [-69.900342, -29.148828], [-69.827881, -29.103223], [-69.814844, -29.045508], [-69.743164, -28.783887], [-69.734912, -28.641113], [-69.687891, -28.562012], [-69.656934, -28.413574], [-69.527148, -28.285645], [-69.488867, -28.200879], [-69.436914, -28.192676], [-69.40957, -28.165332], [-69.340723, -28.070801], [-69.251221, -27.973633], [-69.174414, -27.924707], [-69.155273, -27.848145], [-69.118506, -27.743555], [-69.042187, -27.57002], [-68.999414, -27.449023], [-68.941992, -27.405176], [-68.875098, -27.24668], [-68.846338, -27.153711], [-68.769775, -27.11543], [-68.709619, -27.104492], [-68.652197, -27.14834], [-68.59209, -27.140039], [-68.537354, -27.085352], [-68.405371, -27.048145], [-68.345996, -27.02793], [-68.318652, -26.973242], [-68.318652, -26.877539], [-68.37334, -26.806445], [-68.485107, -26.670313], [-68.581152, -26.518359], [-68.591602, -26.47041], [-68.592187, -26.418066], [-68.575781, -26.351953], [-68.529834, -26.276953], [-68.414502, -26.153711], [-68.426758, -26.06543], [-68.51084, -25.741016], [-68.541895, -25.651563], [-68.600293, -25.485645], [-68.59209, -25.42002], [-68.54082, -25.236719], [-68.496338, -25.162988], [-68.430713, -25.149316], [-68.395215, -25.124707], [-68.384229, -25.091895], [-68.428027, -25.050977], [-68.447119, -24.998926], [-68.466309, -24.925195], [-68.527051, -24.899219], [-68.562012, -24.837695], [-68.562012, -24.747363], [-68.507275, -24.629785], [-68.447119, -24.596973], [-68.422559, -24.545117], [-68.358105, -24.497266], [-68.299512, -24.460352], [-68.250293, -24.391992], [-68.047363, -24.308301], [-67.88623, -24.243359], [-67.571777, -24.118945], [-67.356201, -24.033789], [-67.335596, -23.974805], [-67.319141, -23.934668], [-67.219141, -23.633984], [-67.089746, -23.245117], [-67.008789, -23.001367], [-67.194873, -22.82168], [-67.161914, -22.773828], [-67.05542, -22.650879], [-67.033545, -22.552246], [-66.991113, -22.509863], [-66.800293, -22.409668], [-66.76748, -22.343066], [-66.750635, -22.269336], [-66.711719, -22.216309], [-66.639014, -22.205371], [-66.506982, -22.158398], [-66.365186, -22.11377], [-66.322461, -22.053125], [-66.282129, -21.947461], [-66.247607, -21.830469], [-66.220166, -21.802539], [-66.174658, -21.805664], [-66.098584, -21.835059], [-66.058594, -21.879492], [-65.860156, -22.019727], [-65.771045, -22.099609], [-65.686182, -22.110254], [-65.518799, -22.094531], [-65.484863, -22.098145], [-65.057812, -22.102734], [-64.992627, -22.109668], [-64.843066, -22.143945], [-64.758643, -22.171289], [-64.700098, -22.185547], [-64.605518, -22.228809], [-64.523633, -22.371582], [-64.477734, -22.485352], [-64.445508, -22.585352], [-64.373975, -22.761035], [-64.325293, -22.827637], [-64.30791, -22.795313], [-64.266406, -22.60332], [-64.209082, -22.491309], [-64.131836, -22.36582], [-63.976123, -22.072559], [-63.92168, -22.028613], [-63.861035, -22.007227], [-63.818652, -22.005469], [-63.775586, -22.027246], [-63.716943, -22.027539], [-63.675342, -22.004297], [-63.267187, -22.000586], [-62.843359, -21.997266], [-62.834277, -21.999121], [-62.815088, -22.049609], [-62.74458, -22.159863], [-62.665283, -22.217969], [-62.650977, -22.233691], [-62.625684, -22.261523], [-62.625977, -22.29043], [-62.541553, -22.349609], [-62.37251, -22.43916], [-62.21416, -22.612402], [-62.066602, -22.869434], [-61.928027, -23.059277], [-61.798535, -23.182031], [-61.679492, -23.26875], [-61.570996, -23.319434], [-61.513037, -23.360449], [-61.505518, -23.391992], [-61.403955, -23.45752], [-61.208398, -23.557031], [-61.084717, -23.656445], [-61.03291, -23.755664], [-60.839844, -23.858105], [-60.505371, -23.963574], [-60.262207, -24.013965], [-60.110303, -24.00918], [-59.89248, -24.093555], [-59.608594, -24.266797], [-59.4354, -24.387012], [-59.372949, -24.453906], [-59.187256, -24.562305], [-58.724023, -24.786621], [-58.519629, -24.842871], [-58.422803, -24.894141], [-58.365381, -24.959277], [-58.308691, -24.979102], [-58.252783, -24.953809], [-58.136475, -24.977148], [-57.959814, -25.049219], [-57.82168, -25.136426], [-57.643896, -25.328418], [-57.587158, -25.405078], [-57.563135, -25.47373], [-57.57168, -25.53418], [-57.62583, -25.59873], [-57.725488, -25.667188], [-57.754785, -25.69707], [-57.75708, -25.725977], [-57.782471, -25.783691], [-57.865234, -25.906934], [-57.88623, -25.964258], [-57.890625, -26.006543], [-57.943115, -26.05293], [-58.082422, -26.138574], [-58.111133, -26.180176], [-58.118066, -26.224902], [-58.135645, -26.251465], [-58.154687, -26.262598], [-58.181494, -26.307422], [-58.203027, -26.381445], [-58.205176, -26.476562], [-58.187939, -26.592578], [-58.191309, -26.62998], [-58.22207, -26.65], [-58.239355, -26.676855], [-58.245557, -26.731055], [-58.27168, -26.770703], [-58.317676, -26.795898], [-58.334668, -26.824902], [-58.322559, -26.857617], [-58.356445, -26.890039], [-58.436328, -26.921973], [-58.485254, -26.968457], [-58.503223, -27.029492], [-58.547705, -27.083984], [-58.618604, -27.132129], [-58.641748, -27.196094], [-58.604834, -27.314355], [-58.168262, -27.273438], [-57.812207, -27.316602], [-57.39126, -27.430469], [-57.111816, -27.470117], [-56.973975, -27.435742], [-56.871729, -27.440625], [-56.805176, -27.484668], [-56.715723, -27.49375], [-56.603369, -27.467871], [-56.510547, -27.487891], [-56.437158, -27.553809], [-56.370508, -27.537402], [-56.310547, -27.43877], [-56.241699, -27.366797], [-56.164062, -27.321484], [-56.067334, -27.307715], [-55.951465, -27.325684], [-55.859033, -27.361914], [-55.78999, -27.416406], [-55.714648, -27.414844], [-55.63291, -27.357129], [-55.593799, -27.288086], [-55.597266, -27.207617], [-55.564893, -27.15], [-55.496729, -27.115332], [-55.450635, -27.068359], [-55.42666, -27.009277], [-55.345801, -26.973145], [-55.208008, -26.960156], [-55.135937, -26.931152], [-55.129639, -26.886035], [-55.088867, -26.844531], [-55.013623, -26.806641], [-54.962158, -26.759375], [-54.934473, -26.702539], [-54.888916, -26.666797], [-54.825488, -26.652246], [-54.755078, -26.53291], [-54.677734, -26.308789], [-54.631934, -26.005762], [-54.615869, -25.576074], [-54.537842, -25.576465], [-54.501514, -25.608301], [-54.443945, -25.625], [-54.38335, -25.588672], [-54.331885, -25.571875], [-54.250098, -25.57041], [-54.206152, -25.52959], [-54.15459, -25.523047], [-54.119238, -25.545215], [-54.08501, -25.571875], [-54.012305, -25.57793], [-53.954785, -25.647656], [-53.891162, -25.668848], [-53.864209, -25.748828], [-53.823242, -25.95957], [-53.746924, -26.083691], [-53.671289, -26.225098], [-53.668555, -26.288184], [-53.710938, -26.351855], [-53.718164, -26.443164], [-53.74458, -26.666504], [-53.75332, -26.748633], [-53.727148, -26.804688], [-53.717285, -26.882812], [-53.758496, -26.97832], [-53.838184, -27.121094], [-53.915625, -27.15957], [-53.935352, -27.161133], [-54.040137, -27.24375], [-54.113818, -27.274707], [-54.156445, -27.253809], [-54.205225, -27.289648], [-54.260156, -27.382031], [-54.327002, -27.423535], [-54.448145, -27.446484], [-54.484326, -27.457324], [-54.554932, -27.454102], [-54.61543, -27.477148], [-54.665869, -27.526563], [-54.719727, -27.544922], [-54.7771, -27.53252], [-54.829102, -27.550586], [-54.875732, -27.599219], [-54.902783, -27.651953], [-54.910205, -27.708594], [-54.955908, -27.747168], [-55.039941, -27.767773], [-55.068994, -27.796289], [-55.063867, -27.835938], [-55.101514, -27.866797], [-55.24375, -27.898828], [-55.346484, -27.955957], [-55.409814, -28.037793], [-55.47666, -28.089355], [-55.582373, -28.120996], [-55.725488, -28.204102], [-55.745996, -28.255469], [-55.691504, -28.302832], [-55.671973, -28.344922], [-55.687256, -28.381641], [-55.731982, -28.386621], [-55.806055, -28.359766], [-55.858887, -28.354199], [-55.890527, -28.37002], [-55.90542, -28.399609], [-55.903662, -28.443262], [-55.930176, -28.472852], [-55.984912, -28.488574], [-56.019629, -28.524609], [-56.034229, -28.580859], [-56.102881, -28.651758], [-56.225537, -28.737207], [-56.322363, -28.852441], [-56.393262, -28.997266], [-56.475977, -29.09248], [-56.570703, -29.138086], [-56.63584, -29.203027], [-56.671533, -29.287305], [-56.772461, -29.417871], [-56.938623, -29.594824], [-57.089355, -29.716211], [-57.224658, -29.782129], [-57.300684, -29.856543], [-57.31748, -29.939453], [-57.405225, -30.033887], [-57.563867, -30.139941], [-57.608887, -30.187793]]], [[[-68.653223, -54.853613], [-68.64751, -54.627832], [-68.639795, -54.324023], [-68.638232, -54.05293], [-68.63667, -53.788867], [-68.635059, -53.51543], [-68.633447, -53.241895], [-68.631689, -52.949512], [-68.629932, -52.652637], [-68.571191, -52.694922], [-68.33877, -52.900098], [-68.278223, -52.983984], [-68.240137, -53.081836], [-68.333008, -53.019629], [-68.431152, -53.055273], [-68.479492, -53.11377], [-68.520801, -53.177246], [-68.520508, -53.221875], [-68.488525, -53.260938], [-68.393115, -53.294922], [-68.161133, -53.306445], [-68.144092, -53.319043], [-68.008496, -53.564063], [-67.940283, -53.61875], [-67.861084, -53.662207], [-67.678125, -53.787109], [-67.502588, -53.921973], [-67.294238, -54.049805], [-67.069482, -54.148047], [-66.865137, -54.222559], [-66.670068, -54.313574], [-66.462012, -54.441016], [-66.235645, -54.533496], [-65.992578, -54.598926], [-65.74707, -54.653418], [-65.369287, -54.632129], [-65.251953, -54.638086], [-65.179004, -54.678125], [-65.252344, -54.788867], [-65.345996, -54.87793], [-65.471143, -54.914648], [-65.60332, -54.928125], [-65.722754, -54.926367], [-65.841992, -54.909961], [-65.95376, -54.919336], [-66.060645, -54.956738], [-66.172021, -54.975293], [-66.286768, -54.977734], [-66.398682, -55.009375], [-66.511133, -55.032129], [-66.627686, -55.013281], [-66.930469, -54.924902], [-67.1271, -54.903809], [-67.793262, -54.868652], [-68.007129, -54.848438], [-68.220117, -54.817578], [-68.331689, -54.816309], [-68.491016, -54.83623], [-68.618652, -54.833789], [-68.653223, -54.853613]]], [[[-64.54917, -54.716211], [-64.438818, -54.739355], [-64.220508, -54.721973], [-64.105322, -54.72168], [-64.054932, -54.729883], [-64.032422, -54.742383], [-63.881934, -54.722949], [-63.81543, -54.725098], [-63.832568, -54.767969], [-63.97124, -54.810645], [-64.02832, -54.792578], [-64.3229, -54.796484], [-64.453271, -54.840332], [-64.508691, -54.839941], [-64.637354, -54.902539], [-64.731445, -54.862988], [-64.757324, -54.826562], [-64.689209, -54.774707], [-64.625098, -54.773633], [-64.581348, -54.752734], [-64.54917, -54.716211]]], [[[-61.875781, -39.171875], [-61.865967, -39.234863], [-61.918018, -39.227441], [-62.041602, -39.166895], [-62.083301, -39.110156], [-62.093018, -39.08623], [-61.96665, -39.112207], [-61.907129, -39.135645], [-61.875781, -39.171875]]]]}}, {"type": "Feature", "properties": {"nombre": "Antarctica", "iso": "ATA"}, "geometry": {"type": "MultiPolygon", "coordinates": [[[[-45.717773, -60.520898], [-45.499707, -60.546484], [-45.386279, -60.582715], [-45.357422, -60.623828], [-45.228125, -60.639746], [-45.210986, -60.648145], [-45.186377, -60.671875], [-45.172852, -60.69873], [-45.173682, -60.733008], [-45.398047, -60.649707], [-45.70918, -60.64541], [-45.780029, -60.586035], [-45.937305, -60.619922], [-45.954785, -60.597461], [-45.956299, -60.568359], [-45.934814, -60.526563], [-45.83418, -60.543457], [-45.717773, -60.520898]]], [[[-90.536182, -68.797754], [-90.547168, -68.79834], [-90.56665, -68.798145], [-90.580859, -68.798633], [-90.595215, -68.800195], [-90.609131, -68.801855], [-90.617383, -68.803223], [-90.620361, -68.803223], [-90.623633, -68.801367], [-90.628369, -68.796973], [-90.638379, -68.788281], [-90.64707, -68.779688], [-90.652051, -68.770898], [-90.648047, -68.75957], [-90.637207, -68.754492], [-90.636719, -68.747266], [-90.636719, -68.737891], [-90.631445, -68.729785], [-90.628369, -68.721387], [-90.62915, -68.716406], [-90.625684, -68.713867], [-90.616748, -68.712109], [-90.600098, -68.712305], [-90.589648, -68.712988], [-90.570605, -68.713965], [-90.56167, -68.715039], [-90.548486, -68.718359], [-90.535449, -68.728418], [-90.525146, -68.738477], [-90.525146, -68.742969], [-90.5229, -68.748828], [-90.521191, -68.755859], [-90.519189, -68.764258], [-90.514697, -68.771289], [-90.518164, -68.783203], [-90.525928, -68.794922], [-90.532959, -68.797266], [-90.536182, -68.797754]]], [[[-57.020654, -63.372852], [-56.927344, -63.505566], [-56.781836, -63.57168], [-56.834766, -63.63125], [-56.973682, -63.624609], [-57.119189, -63.637793], [-57.152246, -63.57168], [-57.097705, -63.523535], [-57.152246, -63.479102], [-57.283887, -63.490625], [-57.460645, -63.513574], [-57.581494, -63.546582], [-57.736914, -63.616602], [-57.856738, -63.656836], [-58.262988, -63.763379], [-58.531885, -63.91543], [-58.722852, -64.077441], [-58.838965, -64.186816], [-59.005322, -64.194922], [-59.047314, -64.234473], [-58.977246, -64.265918], [-58.922998, -64.279297], [-58.799316, -64.292676], [-58.819141, -64.338965], [-58.905127, -64.352148], [-58.895459, -64.388867], [-58.805908, -64.444824], [-58.786084, -64.524219], [-58.891895, -64.537402], [-59.050684, -64.451367], [-59.229395, -64.443555], [-59.369678, -64.403516], [-59.460742, -64.345605], [-59.546777, -64.358789], [-59.612158, -64.440137], [-59.573193, -64.530762], [-59.645996, -64.583691], [-59.734375, -64.558887], [-59.765039, -64.451367], [-59.850195, -64.433594], [-59.963086, -64.431348], [-60.24248, -64.546875], [-60.340527, -64.550586], [-60.393652, -64.609375], [-60.555957, -64.676563], [-60.659961, -64.729199], [-60.915381, -64.906836], [-61.059863, -64.98125], [-61.331836, -65.023828], [-61.439453, -65.017676], [-61.503027, -64.999707], [-61.603223, -64.987793], [-61.703125, -64.987207], [-61.736182, -65.033496], [-61.577441, -65.185645], [-61.663428, -65.238574], [-61.855615, -65.235352], [-61.947852, -65.192285], [-62.024512, -65.23252], [-62.084668, -65.273242], [-62.145312, -65.331738], [-62.053662, -65.456836], [-61.903369, -65.513477], [-61.795703, -65.522949], [-61.756006, -65.569238], [-61.991406, -65.58916], [-62.150586, -65.698828], [-62.222412, -65.775], [-62.305029, -65.84043], [-62.293262, -65.916406], [-62.169141, -66.031348], [-62.005029, -66.112891], [-61.839062, -66.119531], [-61.624805, -66.094727], [-61.574707, -66.071484], [-61.359131, -66.058789], [-61.266113, -65.97998], [-61.198145, -65.974512], [-61.137598, -65.988672], [-61.039258, -65.991992], [-60.988135, -65.940234], [-60.912793, -65.920898], [-60.812988, -65.934082], [-60.618311, -65.933105], [-60.565381, -65.979395], [-60.624902, -66.032324], [-60.743994, -66.105078], [-60.856445, -66.065332], [-60.955664, -66.071973], [-61.009277, -66.110547], [-60.902734, -66.191016], [-60.942432, -66.26377], [-61.028418, -66.336523], [-61.134277, -66.290234], [-61.149756, -66.211719], [-61.292969, -66.164551], [-61.431934, -66.144727], [-61.526123, -66.225684], [-61.675635, -66.249512], [-61.696484, -66.343164], [-61.756006, -66.429199], [-61.841992, -66.402734], [-61.875439, -66.296094], [-62.116504, -66.208984], [-62.24126, -66.19707], [-62.494141, -66.219336], [-62.582812, -66.21748], [-62.682031, -66.237305], [-62.754834, -66.310156], [-62.650293, -66.363672], [-62.615381, -66.435742], [-62.61792, -66.489648], [-62.637549, -66.511133], [-62.655078, -66.556055], [-62.543164, -66.620996], [-62.536523, -66.707031], [-62.628906, -66.706152], [-62.704785, -66.680078], [-62.996729, -66.452832], [-63.179541, -66.352539], [-63.25752, -66.26377], [-63.448535, -66.24375], [-63.586621, -66.241699], [-63.752539, -66.277734], [-63.687549, -66.319824], [-63.654395, -66.38291], [-63.755664, -66.408984], [-63.88042, -66.505957], [-63.964355, -66.58877], [-64.015039, -66.606641], [-64.077734, -66.654102], [-63.808789, -66.760938], [-63.769043, -66.803223], [-63.754736, -66.872949], [-63.8396, -66.912012], [-64.042578, -66.927246], [-64.400977, -66.85332], [-64.554004, -66.851758], [-64.606934, -66.799609], [-64.686279, -66.80625], [-64.735449, -66.894141], [-64.793359, -66.971973], [-64.878125, -67.024512], [-64.854102, -67.104785], [-64.785498, -67.12373], [-64.838721, -67.156055], [-64.950879, -67.183203], [-65.026904, -67.214063], [-64.858252, -67.242773], [-64.826465, -67.269141], [-64.819287, -67.307324], [-65.07959, -67.335352], [-65.248535, -67.341992], [-65.350098, -67.310938], [-65.443115, -67.326172], [-65.503125, -67.377246], [-65.523438, -67.444629], [-65.503906, -67.528223], [-65.470801, -67.587891], [-65.446777, -67.610156], [-65.418066, -67.65957], [-65.574023, -67.788379], [-65.589258, -67.816309], [-65.600049, -67.875684], [-65.527832, -67.92998], [-65.469434, -68.009473], [-65.551172, -68.04834], [-65.639502, -68.130566], [-65.54624, -68.14668], [-65.3875, -68.150391], [-65.218018, -68.140039], [-64.958838, -68.067578], [-64.884717, -68.056348], [-64.853467, -68.083105], [-64.829492, -68.127441], [-64.895947, -68.168359], [-65.365186, -68.2875], [-65.452002, -68.336719], [-65.331396, -68.36416], [-65.089746, -68.370215], [-64.996484, -68.407813], [-65.054541, -68.449316], [-65.140088, -68.489258], [-65.241602, -68.583203], [-65.15835, -68.617969], [-64.898291, -68.67334], [-64.428906, -68.746094], [-64.078467, -68.771191], [-64.156836, -68.686914], [-64.169238, -68.58252], [-63.924463, -68.497656], [-63.796484, -68.469727], [-63.216602, -68.418848], [-63.056543, -68.420703], [-62.933301, -68.442578], [-62.979687, -68.486328], [-63.114746, -68.470605], [-63.34751, -68.499414], [-63.707324, -68.592188], [-63.773438, -68.631836], [-63.747021, -68.70459], [-63.442725, -68.76416], [-63.343506, -68.810449], [-63.478223, -68.951172], [-63.455957, -69.041895], [-63.301465, -69.141016], [-63.094385, -69.253027], [-62.994092, -69.328906], [-62.839746, -69.371875], [-62.586816, -69.477246], [-62.450537, -69.584375], [-62.407129, -69.827246], [-62.202441, -70.02793], [-61.961084, -70.120117], [-61.934619, -70.199512], [-62.013965, -70.278906], [-62.217871, -70.233203], [-62.331494, -70.278906], [-62.377783, -70.364844], [-62.232275, -70.424414], [-62.000781, -70.497168], [-61.504687, -70.490527], [-61.491406, -70.569922], [-61.605322, -70.616699], [-61.696484, -70.675781], [-61.808936, -70.708789], [-61.994141, -70.728613], [-62.04043, -70.801367], [-61.961084, -70.900586], [-61.702148, -70.856738], [-61.513379, -70.851172], [-61.312842, -70.867578], [-61.25166, -71.002246], [-61.017236, -71.166895], [-60.962256, -71.244629], [-61.003076, -71.319336], [-61.148438, -71.341895], [-61.237305, -71.400586], [-61.369287, -71.452344], [-61.515918, -71.479102], [-61.789551, -71.616016], [-61.90957, -71.630859], [-61.958789, -71.657813], [-61.725439, -71.672559], [-61.562793, -71.675293], [-61.213574, -71.564063], [-61.081348, -71.588574], [-60.995312, -71.661328], [-60.949023, -71.747266], [-61.035059, -71.82002], [-61.644531, -71.862891], [-61.938916, -71.903613], [-62.256641, -72.017578], [-61.894043, -72.070996], [-61.628027, -72.052734], [-61.492676, -72.072656], [-61.310254, -72.112695], [-61.107471, -72.091504], [-60.951758, -72.050195], [-60.833203, -72.051563], [-60.719434, -72.072656], [-60.704297, -72.144141], [-60.691064, -72.269824], [-60.6646, -72.3625], [-60.730322, -72.425977], [-61.04751, -72.470508], [-61.279785, -72.468262], [-61.286133, -72.600781], [-60.93916, -72.699707], [-60.724121, -72.646875], [-60.532324, -72.67334], [-60.532324, -72.832129], [-60.384668, -73.007324], [-60.254492, -73.017285], [-60.148682, -72.937891], [-60.009766, -72.937891], [-59.956836, -73.030566], [-60.016406, -73.189258], [-60.122217, -73.275293], [-60.40376, -73.240234], [-60.560693, -73.211426], [-60.686621, -73.270996], [-60.89585, -73.32041], [-61.081348, -73.328223], [-61.24209, -73.250293], [-61.428418, -73.191406], [-61.726416, -73.160742], [-62.008301, -73.147656], [-61.914746, -73.215723], [-61.787598, -73.254883], [-61.737695, -73.375488], [-61.636963, -73.500195], [-61.405469, -73.46709], [-61.079785, -73.538672], [-60.878857, -73.612012], [-60.790283, -73.711816], [-60.902734, -73.870605], [-61.088281, -73.929492], [-61.203418, -73.956641], [-61.404053, -73.895996], [-61.54541, -73.895996], [-61.691699, -73.923828], [-61.741602, -73.996191], [-61.838232, -74.032031], [-61.319434, -74.035938], [-61.160693, -74.055762], [-61.04165, -74.121973], [-61.226855, -74.20791], [-61.570801, -74.194727], [-61.718262, -74.228125], [-61.842773, -74.289648], [-61.331787, -74.328613], [-61.120605, -74.306934], [-60.783691, -74.241016], [-60.704297, -74.307129], [-60.838477, -74.372949], [-61.010791, -74.47832], [-61.370166, -74.511816], [-61.63999, -74.513574], [-61.994531, -74.475781], [-62.088867, -74.452832], [-62.235303, -74.441309], [-62.225684, -74.505566], [-62.132715, -74.55], [-61.894434, -74.713086], [-61.855225, -74.776758], [-61.928027, -74.862793], [-62.137793, -74.926367], [-62.372461, -74.952148], [-62.566797, -74.895801], [-62.708496, -74.737109], [-62.887109, -74.69082], [-63.072314, -74.677539], [-63.178125, -74.68418], [-63.16792, -74.764551], [-63.125244, -74.849512], [-63.197998, -74.909082], [-63.357031, -74.87832], [-63.558789, -74.905664], [-63.750879, -74.952344], [-63.924707, -75.004492], [-63.570996, -75.030273], [-63.336914, -75.034766], [-63.173193, -75.114746], [-63.231055, -75.153809], [-63.551416, -75.171484], [-63.85752, -75.206152], [-64.279541, -75.292871], [-63.972461, -75.329395], [-63.678418, -75.32793], [-63.474854, -75.336328], [-63.303809, -75.352246], [-63.25752, -75.398535], [-63.363379, -75.451465], [-64.052637, -75.57959], [-64.778271, -75.738184], [-65.044385, -75.7875], [-65.321729, -75.815137], [-65.965674, -75.95166], [-66.37041, -76.013379], [-67.518213, -76.109766], [-69.304395, -76.350781], [-69.915283, -76.521973], [-70.095508, -76.654492], [-70.210156, -76.674121], [-70.550781, -76.718066], [-70.89502, -76.739355], [-71.798682, -76.752734], [-72.722314, -76.689063], [-73.471777, -76.675488], [-73.879785, -76.696777], [-75.268359, -76.581445], [-75.443506, -76.586719], [-75.659277, -76.608203], [-75.831348, -76.608203], [-75.962842, -76.59209], [-76.244189, -76.585352], [-77.190039, -76.629785], [-77.287061, -76.70166], [-77.167969, -76.833887], [-76.823584, -76.993457], [-76.248584, -77.274902], [-75.937256, -77.334473], [-75.748145, -77.398438], [-75.386914, -77.474219], [-74.580615, -77.478027], [-73.478223, -77.535547], [-72.851953, -77.590234], [-72.875146, -77.693848], [-73.251562, -77.894238], [-73.48501, -77.970801], [-74.042139, -78.109375], [-74.812061, -78.177832], [-75.398438, -78.157813], [-76.437842, -78.044141], [-77.742139, -77.940332], [-79.679004, -77.842578], [-80.104102, -77.796582], [-80.601562, -77.751953], [-80.888525, -77.797656], [-81.103125, -77.841797], [-81.580957, -77.846094], [-81.441016, -77.885645], [-79.509668, -78.154297], [-77.858105, -78.350977], [-77.664795, -78.401465], [-77.432568, -78.434668], [-77.452441, -78.560352], [-77.54502, -78.65957], [-77.869141, -78.745508], [-78.711621, -78.752051], [-79.766553, -78.820703], [-80.292285, -78.822754], [-80.816309, -78.754297], [-81.929297, -78.559082], [-82.608447, -78.412402], [-83.08252, -78.24668], [-83.412061, -78.114648], [-83.779004, -77.983594], [-83.7521, -78.066309], [-83.687744, -78.148047], [-83.508252, -78.248047], [-83.245898, -78.357031], [-83.226953, -78.401563], [-83.35498, -78.407617], [-83.544434, -78.355273], [-83.705908, -78.404102], [-83.762744, -78.461133], [-83.696631, -78.537305], [-83.595166, -78.611035], [-83.26001, -78.774219], [-82.970752, -78.816699], [-82.589209, -78.916309], [-81.660889, -79.099805], [-81.50293, -79.162891], [-81.222168, -79.297852], [-81.163184, -79.400391], [-80.891992, -79.501855], [-80.704785, -79.517188], [-80.534814, -79.512793], [-80.47876, -79.426172], [-80.488525, -79.320996], [-80.415771, -79.294531], [-80.151172, -79.268066], [-79.455664, -79.304395], [-76.499121, -79.325684], [-76.217676, -79.387207], [-76.105127, -79.465137], [-76.031592, -79.627051], [-76.343945, -79.820898], [-76.557861, -79.903516], [-76.904004, -79.955273], [-77.222266, -79.994141], [-77.701855, -80.00957], [-78.692236, -79.99541], [-79.6604, -79.996875], [-78.907129, -80.089648], [-78.176074, -80.166797], [-77.160449, -80.15293], [-76.757129, -80.13125], [-76.407324, -80.094922], [-76.259619, -80.160059], [-75.985645, -80.29502], [-75.822412, -80.338184], [-75.709033, -80.382715], [-75.555029, -80.530859], [-75.494531, -80.61748], [-75.34458, -80.718945], [-75.236523, -80.802637], [-75.075586, -80.860059], [-74.806592, -80.886523], [-74.511133, -80.837988], [-73.937842, -80.815918], [-73.38335, -80.893652], [-73.029492, -80.917285], [-72.553223, -80.853125], [-72.173584, -80.763867], [-71.380029, -80.682227], [-71.230664, -80.646777], [-71.017676, -80.619043], [-70.687891, -80.62627], [-70.560059, -80.646582], [-70.392432, -80.735449], [-70.239111, -80.856641], [-70.012451, -80.917773], [-69.772266, -80.961523], [-69.633984, -80.96582], [-69.181592, -81.004883], [-68.589844, -80.967969], [-68.326562, -81.004102], [-68.284619, -81.073828], [-68.14375, -81.130371], [-67.96543, -81.148242], [-65.573682, -81.460547], [-64.750146, -81.52168], [-63.477734, -81.553223], [-62.490234, -81.556738], [-62.353711, -81.57666], [-62.165381, -81.636133], [-62.541846, -81.67832], [-62.945898, -81.683984], [-63.553955, -81.667188], [-63.768652, -81.676074], [-64.232666, -81.659766], [-64.475684, -81.67168], [-64.696094, -81.652344], [-65.021582, -81.696484], [-65.619727, -81.729297], [-65.486621, -81.775], [-65.26377, -81.785645], [-64.810547, -81.802734], [-64.190186, -81.794824], [-64.137109, -81.869336], [-64.706152, -81.8875], [-65.916211, -81.902246], [-66.042285, -81.913867], [-66.133838, -81.953418], [-65.953027, -81.970996], [-65.843848, -81.993262], [-65.786621, -82.045508], [-65.913184, -82.183203], [-65.713965, -82.279199], [-65.571924, -82.294336], [-65.424414, -82.280371], [-65.170117, -82.318262], [-64.91958, -82.370508], [-64.396582, -82.374414], [-63.772852, -82.304297], [-63.466309, -82.306836], [-62.645312, -82.263086], [-61.90166, -82.271094], [-60.859082, -82.186719], [-60.687109, -82.188574], [-60.527734, -82.199902], [-60.817187, -82.275781], [-62.094531, -82.466602], [-62.553027, -82.50332], [-62.735645, -82.527344], [-62.630908, -82.620703], [-62.465576, -82.718164], [-62.128613, -82.822363], [-61.916992, -82.97666], [-61.708936, -83.009961], [-61.312842, -82.93916], [-61.218408, -82.991797], [-61.200391, -83.097949], [-61.303223, -83.18418], [-61.436328, -83.232422], [-61.530566, -83.279395], [-61.589844, -83.341211], [-61.425293, -83.395605], [-60.983203, -83.427539], [-60.397021, -83.440723], [-59.853809, -83.442383], [-59.516016, -83.458398], [-58.289941, -83.120703], [-57.797754, -82.958594], [-57.557129, -82.890234], [-57.353613, -82.840234], [-56.317871, -82.633398], [-56.075049, -82.570215], [-55.800684, -82.478418], [-55.294678, -82.464844], [-54.601123, -82.316211], [-53.986084, -82.200586], [-53.7396, -82.178418], [-53.557568, -82.169434], [-53.339062, -82.144531], [-52.798877, -82.153613], [-52.414941, -82.134863], [-51.730664, -82.061523], [-51.209668, -82.015234], [-50.653027, -81.975488], [-50.029248, -81.967676], [-48.360791, -81.892285], [-47.886816, -81.925195], [-47.360254, -82.004004], [-47.019873, -82.003223], [-46.566699, -81.979199], [-46.258057, -81.946973], [-46.119141, -82.039551], [-46.046387, -82.158691], [-46.198535, -82.271094], [-46.44834, -82.339844], [-46.516748, -82.45459], [-46.175293, -82.511621], [-45.788574, -82.494922], [-45.04375, -82.437988], [-44.454883, -82.365918], [-44.291797, -82.317773], [-44.064209, -82.331445], [-43.669336, -82.270117], [-43.180371, -82.017188], [-42.564551, -81.761621], [-42.046289, -81.597852], [-41.711572, -81.407715], [-41.433838, -81.297754], [-41.125879, -81.214844], [-40.914551, -81.172363], [-40.44082, -81.165137], [-39.762305, -81.032031], [-38.771729, -80.882324], [-38.010937, -80.954297], [-37.209277, -81.063867], [-36.812402, -80.974707], [-36.499512, -80.95957], [-36.233984, -80.920508], [-35.965771, -80.890918], [-35.775879, -80.812695], [-35.520557, -80.745703], [-35.327002, -80.650684], [-34.349951, -80.603418], [-33.328711, -80.54043], [-33.191309, -80.518652], [-33.057227, -80.531641], [-32.706201, -80.513867], [-32.255713, -80.460742], [-31.634229, -80.444629], [-31.312109, -80.450098], [-31.01543, -80.308105], [-30.425293, -80.279688], [-29.797363, -80.22334], [-29.531494, -80.181836], [-29.329102, -80.17207], [-24.240283, -80.061914], [-24.019824, -80.008984], [-23.574463, -79.964844], [-23.406836, -79.858984], [-24.088281, -79.814844], [-24.299854, -79.770801], [-24.533887, -79.75791], [-24.67041, -79.774609], [-25.258643, -79.7625], [-29.949316, -79.599023], [-30.049072, -79.585352], [-30.21123, -79.485254], [-30.17793, -79.304297], [-30.315918, -79.163086], [-30.645264, -79.124121], [-30.985156, -79.12793], [-31.412793, -79.145215], [-32.541846, -79.222168], [-32.994238, -79.228809], [-34.197363, -79.110254], [-34.994922, -78.977539], [-35.515967, -78.933008], [-35.890088, -78.843555], [-36.23916, -78.774219], [-36.265625, -78.615527], [-36.180859, -78.468359], [-35.509277, -78.041211], [-35.087598, -77.837109], [-34.80835, -77.820605], [-34.551465, -77.728516], [-34.290186, -77.521875], [-34.075781, -77.425391], [-33.591162, -77.31123], [-33.376758, -77.281641], [-32.614062, -77.14082], [-32.405273, -77.13623], [-32.063379, -77.159863], [-31.675781, -77.033105], [-30.489209, -76.762305], [-30.221973, -76.660352], [-29.891553, -76.597949], [-28.933643, -76.370313], [-28.079395, -76.257812], [-27.653076, -76.226367], [-27.134521, -76.157324], [-26.560059, -76.054688], [-26.059326, -75.957227], [-24.26958, -75.766992], [-23.197266, -75.717676], [-22.465479, -75.661035], [-21.948096, -75.694141], [-21.433789, -75.683105], [-20.989014, -75.634375], [-20.783301, -75.593945], [-20.4875, -75.491992], [-19.493018, -75.539941], [-18.850928, -75.470215], [-18.585156, -75.462598], [-18.30459, -75.431348], [-18.415137, -75.396484], [-18.516943, -75.389941], [-18.617285, -75.342383], [-18.749219, -75.24209], [-18.617285, -75.115332], [-18.516943, -75.051953], [-18.221191, -74.974512], [-18.068262, -74.862988], [-17.922754, -74.699219], [-17.43584, -74.379102], [-17.299023, -74.333887], [-16.989258, -74.319824], [-16.7271, -74.327637], [-16.429541, -74.323926], [-15.67251, -74.407324], [-15.53125, -74.375586], [-15.289746, -74.280859], [-15.08916, -74.163281], [-14.658936, -73.988867], [-14.573828, -73.9375], [-14.611426, -73.851758], [-15.259619, -73.888867], [-15.748828, -73.945605], [-16.220117, -73.915723], [-16.281885, -73.866992], [-16.180859, -73.830273], [-16.003125, -73.815918], [-15.935645, -73.757617], [-16.097461, -73.709082], [-16.387744, -73.681348], [-16.518848, -73.644043], [-16.507031, -73.555957], [-16.435205, -73.425684], [-16.279102, -73.388477], [-16.149023, -73.334473], [-15.802832, -73.152148], [-15.595996, -73.096777], [-15.007031, -73.047461], [-14.320996, -73.123047], [-14.164697, -73.102441], [-14.000098, -73.000586], [-14.168311, -72.843262], [-14.298242, -72.78457], [-14.297754, -72.733008], [-13.938965, -72.75625], [-13.602832, -72.79209], [-13.208594, -72.785059], [-12.746924, -72.628906], [-12.094727, -72.498145], [-11.777344, -72.444043], [-11.496973, -72.412891], [-11.346484, -72.281641], [-11.121387, -72.031543], [-10.958105, -71.901953], [-10.961035, -71.822363], [-11.009229, -71.75791], [-11.179346, -71.776855], [-11.333057, -71.785547], [-11.696875, -71.719336], [-12.148193, -71.613672], [-12.284521, -71.495117], [-12.351318, -71.389746], [-12.207812, -71.332227], [-12.073682, -71.296875], [-11.926123, -71.288672], [-11.663037, -71.33125], [-11.328076, -71.439746], [-11.160156, -71.481152], [-10.969824, -71.560059], [-10.825439, -71.55332], [-10.659473, -71.442676], [-10.520068, -71.295508], [-10.406641, -71.250293], [-10.230566, -71.200977], [-10.033496, -71.130664], [-10.122314, -71.060938], [-10.331006, -71.024023], [-10.359961, -70.982422], [-10.270605, -70.935742], [-10.09873, -70.926367], [-9.887988, -71.027344], [-9.599365, -71.095313], [-9.402344, -71.117578], [-9.230664, -71.174023], [-8.965918, -71.361328], [-8.646484, -71.672754], [-8.497705, -71.674805], [-8.216455, -71.64707], [-7.91582, -71.635352], [-7.713721, -71.546484], [-7.668994, -71.324316], [-7.590137, -71.22373], [-7.617969, -71.121484], [-7.756885, -71.017188], [-7.873486, -70.940332], [-7.854932, -70.88457], [-7.752734, -70.842773], [-7.619775, -70.829004], [-7.388135, -70.786914], [-7.031592, -70.835156], [-6.838184, -70.844531], [-6.54751, -70.816895], [-6.245215, -70.755762], [-5.936328, -70.712695], [-5.694727, -70.745313], [-5.587891, -70.856738], [-5.708691, -70.968262], [-5.903809, -71.051855], [-6.080273, -71.154102], [-6.126758, -71.265625], [-6.11748, -71.325977], [-5.950049, -71.341602], [-4.450146, -71.327734], [-4.253223, -71.338477], [-3.994824, -71.338867], [-3.713184, -71.374609], [-3.239648, -71.360449], [-2.812012, -71.320996], [-2.610254, -71.320801], [-2.261328, -71.357129], [-2.0146, -71.433398], [-1.500635, -71.412305], [-1.354248, -71.386816], [-1.216357, -71.28418], [-1.067773, -71.265625], [-0.89585, -71.349219], [-0.840088, -71.539746], [-0.759863, -71.630273], [-0.543164, -71.712695], [-0.326953, -71.641895], [-0.18457, -71.558887], [0.154199, -71.397949], [0.538477, -71.274219], [0.834961, -71.202344], [1.552246, -71.080273], [1.908691, -71.003613], [2.609473, -70.900098], [3.506934, -70.844434], [5.113086, -70.655664], [5.643945, -70.636328], [6.508008, -70.586426], [6.950977, -70.535254], [7.401172, -70.494434], [7.676758, -70.356348], [8.306738, -70.461621], [8.523047, -70.473828], [8.81748, -70.39082], [9.141602, -70.183691], [9.613477, -70.269043], [9.885547, -70.40293], [10.217676, -70.50791], [10.968848, -70.687695], [11.203516, -70.728711], [11.70127, -70.766602], [11.833594, -70.736523], [12.067969, -70.616504], [12.308789, -70.443262], [12.461621, -70.370117], [12.681934, -70.308691], [12.929395, -70.213379], [12.864551, -70.162305], [12.723438, -70.143652], [12.595117, -70.117383], [12.62627, -70.065625], [13.065625, -70.053613], [13.297949, -70.22959], [13.532617, -70.2875], [13.822656, -70.343164], [14.491797, -70.299609], [15.063867, -70.294727], [15.562891, -70.330762], [15.806934, -70.324023], [16.025195, -70.193457], [16.381055, -70.145117], [16.584863, -70.203809], [16.70918, -70.397266], [17.166699, -70.450879], [18.124609, -70.540332], [18.232031, -70.518262], [18.351367, -70.415527], [18.432617, -70.289941], [18.627344, -70.269434], [18.877246, -70.201367], [19.009375, -70.212109], [19.196387, -70.293164], [19.132324, -70.491895], [19.026563, -70.674023], [19.15293, -70.820898], [19.265137, -70.902344], [19.409277, -70.916992], [19.651855, -70.920605], [19.944238, -70.910156], [20.128125, -70.917578], [21.070801, -70.843457], [21.186035, -70.680566], [21.337305, -70.495117], [21.70498, -70.258496], [21.848926, -70.276758], [21.962305, -70.300391], [22.21582, -70.417285], [22.366016, -70.475098], [22.396484, -70.561328], [22.233691, -70.642676], [22.277832, -70.695605], [22.44541, -70.739746], [22.979004, -70.810352], [23.149902, -70.796289], [23.406836, -70.723242], [23.664844, -70.575], [23.803613, -70.40459], [24.024121, -70.413379], [24.235742, -70.448633], [24.385742, -70.536914], [24.385742, -70.704395], [24.588379, -70.82041], [24.756738, -70.89209], [25.187402, -70.970996], [25.650195, -70.990625], [25.974121, -71.037402], [26.498828, -71.019531], [26.754395, -70.967285], [26.917969, -70.953711], [27.206836, -70.910938], [27.508594, -70.813281], [27.697754, -70.772461], [28.386426, -70.682031], [28.911523, -70.583105], [29.463867, -70.40625], [30.00332, -70.3], [30.834082, -70.246289], [31.062891, -70.224707], [31.378809, -70.225781], [32.15957, -70.099805], [32.456543, -70.025977], [32.621289, -70.000586], [32.809766, -69.909375], [32.911523, -69.733691], [32.989355, -69.624219], [32.975977, -69.516992], [32.903125, -69.378711], [32.737988, -69.254883], [32.567578, -69.074219], [32.641602, -68.868945], [32.776172, -68.783105], [33.121484, -68.68916], [33.465625, -68.670703], [33.853516, -68.683008], [34.192871, -68.702441], [34.219336, -68.790625], [34.074219, -68.885352], [33.884863, -68.979297], [33.77207, -69.02002], [33.813672, -69.099316], [34.058594, -69.110547], [34.595898, -69.094531], [34.749512, -69.167676], [35.131348, -69.486914], [35.224805, -69.637305], [35.357031, -69.681348], [35.567676, -69.660059], [36.017773, -69.661816], [36.331152, -69.639355], [36.585938, -69.637891], [36.71875, -69.652246], [36.855762, -69.725586], [37.114844, -69.810449], [37.374512, -69.747852], [37.559766, -69.718359], [37.787109, -69.725684], [38.144336, -69.824219], [38.499414, -70.056152], [38.885547, -70.171875], [38.911719, -70.097852], [38.859277, -70.006055], [39.01875, -69.924219], [39.211328, -69.785938], [39.487012, -69.608008], [39.705078, -69.425586], [39.762305, -69.17334], [39.863867, -68.966992], [40.041699, -68.867773], [40.215625, -68.804883], [40.483887, -68.738867], [40.81709, -68.723633], [41.132715, -68.575098], [41.356348, -68.514941], [41.824609, -68.432617], [42.408789, -68.351855], [42.819531, -68.123242], [42.960938, -68.095313], [43.170898, -68.059766], [43.554102, -68.045605], [44.177539, -67.972461], [44.372852, -67.961328], [44.699805, -67.904297], [44.989551, -67.769238], [45.196973, -67.731152], [45.569336, -67.736426], [45.887695, -67.659766], [46.153906, -67.657031], [46.399023, -67.617578], [46.436523, -67.533398], [46.319727, -67.476562], [46.317285, -67.401953], [46.454102, -67.303613], [46.559668, -67.268164], [46.883887, -67.274805], [47.154395, -67.357227], [47.351562, -67.361914], [47.40293, -67.40918], [47.231348, -67.468262], [47.117188, -67.572656], [47.31416, -67.664941], [47.489844, -67.72793], [47.703516, -67.716211], [47.958594, -67.660059], [48.209961, -67.699316], [48.32168, -67.785254], [48.32168, -67.91748], [48.374512, -67.988086], [48.550977, -67.926367], [48.648047, -67.794043], [48.62002, -67.625195], [48.630371, -67.520605], [49.05293, -67.352441], [49.219336, -67.226855], [48.923047, -67.199707], [48.713672, -67.216895], [48.598438, -67.171289], [48.465234, -67.043457], [48.830273, -66.938281], [49.24707, -66.941602], [49.488672, -67.030957], [50.006152, -67.175195], [50.292969, -67.172168], [50.553027, -67.194336], [50.605957, -67.150195], [50.508887, -66.938574], [50.520898, -66.82002], [50.306055, -66.75332], [50.244336, -66.603418], [50.332422, -66.444629], [50.588281, -66.356445], [50.936914, -66.31543], [51.6875, -66.072168], [51.88457, -66.02002], [52.378223, -65.969141], [52.955273, -65.945508], [53.671777, -65.858691], [54.947852, -65.916309], [55.29043, -65.954199], [55.504492, -66.002637], [55.710352, -66.07998], [55.974023, -66.209375], [56.361523, -66.372754], [56.859375, -66.423438], [57.000293, -66.474805], [57.185449, -66.613281], [56.986523, -66.704395], [56.823633, -66.712695], [56.510059, -66.659277], [56.294531, -66.603418], [56.145898, -66.626074], [56.291895, -66.721094], [56.453223, -66.779785], [56.479688, -66.85918], [56.391406, -66.973828], [55.802734, -67.199316], [56.154883, -67.264551], [56.365918, -67.2125], [56.562109, -67.115918], [56.760059, -67.07334], [56.891602, -67.05625], [57.361133, -67.052637], [57.627441, -67.014063], [57.828125, -67.041309], [58.026758, -67.103418], [58.31748, -67.163086], [58.737402, -67.22959], [59.250781, -67.484961], [59.650195, -67.458594], [59.867578, -67.403125], [60.482031, -67.385156], [61.012109, -67.499512], [61.309082, -67.540234], [62.173926, -67.575488], [62.687891, -67.647559], [63.017676, -67.561816], [63.237598, -67.526855], [63.699023, -67.508301], [63.93125, -67.526074], [64.573633, -67.62041], [65.70752, -67.716406], [66.488379, -67.765527], [67.174805, -67.767969], [67.502441, -67.810156], [68.098535, -67.854102], [68.32793, -67.889551], [68.899512, -67.862109], [69.167188, -67.824805], [69.416406, -67.742969], [69.55918, -67.763184], [69.655957, -67.864551], [69.603027, -68.041016], [69.704492, -68.16084], [69.788672, -68.279492], [69.907422, -68.379492], [69.982227, -68.464258], [69.92793, -68.535352], [69.761914, -68.598535], [69.53418, -68.736914], [69.546875, -68.856641], [69.645605, -68.932227], [69.530762, -69.024023], [69.614648, -69.153711], [69.629492, -69.231641], [69.549414, -69.29375], [69.371875, -69.331445], [69.064941, -69.337402], [68.90625, -69.372754], [68.879785, -69.469727], [68.95918, -69.540234], [69.135547, -69.57793], [69.188477, -69.654883], [69.162012, -69.769629], [69.082617, -69.866602], [68.920508, -69.911816], [68.74375, -69.921387], [68.415234, -69.902148], [68.178125, -69.837305], [68.027148, -69.894434], [67.916992, -69.952734], [67.575391, -70.087891], [67.416602, -70.177148], [67.267969, -70.273145], [67.658984, -70.325977], [67.94082, -70.422852], [68.559375, -70.4125], [68.757422, -70.369922], [69.020898, -70.325195], [69.162012, -70.333984], [69.250195, -70.431055], [69.19668, -70.585254], [69.188379, -70.70459], [68.872754, -71.035156], [68.767969, -71.090723], [68.62373, -71.181445], [68.447559, -71.251563], [68.310547, -71.286523], [68.037402, -71.391016], [67.87334, -71.579785], [67.693555, -71.736719], [67.432227, -72.00293], [67.281055, -72.290625], [67.214844, -72.461426], [67.113379, -72.641113], [66.89209, -72.948633], [66.746484, -72.999805], [66.497656, -73.125488], [66.569141, -73.20918], [66.764746, -73.216895], [67.003125, -73.236426], [67.32207, -73.300293], [67.748633, -73.168164], [67.971387, -73.085645], [68.015527, -72.918164], [67.971387, -72.750586], [68.106836, -72.650684], [68.419824, -72.515039], [69.157031, -72.418652], [69.309473, -72.408789], [69.554688, -72.374512], [69.769727, -72.253613], [69.962109, -72.13291], [70.294336, -72.055371], [70.572852, -71.930957], [70.616211, -71.84209], [70.731641, -71.822266], [71.078809, -71.736719], [71.167871, -71.671582], [71.276758, -71.623926], [71.349219, -71.513867], [71.378809, -71.30918], [71.464844, -71.15459], [71.633887, -70.949219], [71.771387, -70.80127], [71.904883, -70.706641], [72.262598, -70.656738], [72.417969, -70.598633], [72.622363, -70.47207], [72.760352, -70.395703], [72.744336, -70.23916], [72.82207, -70.095898], [73.041406, -70.009668], [73.324805, -69.848926], [73.676074, -69.825781], [73.942188, -69.743164], [74.226758, -69.800391], [74.571094, -69.87959], [75.147852, -69.855469], [75.423828, -69.893066], [75.635547, -69.848926], [75.820703, -69.725488], [75.891211, -69.575586], [76.111719, -69.487402], [76.359766, -69.490234], [76.770117, -69.339648], [77.191992, -69.205957], [77.540918, -69.174414], [77.81748, -69.068945], [78.015137, -68.891895], [78.228516, -68.756152], [78.488965, -68.625781], [78.563477, -68.39375], [78.72627, -68.277832], [79.035156, -68.175391], [79.287793, -68.119336], [80.363086, -67.946875], [81.187402, -67.83125], [82.016992, -67.690039], [82.273242, -67.691699], [82.607031, -67.613086], [83.157813, -67.610547], [83.304297, -67.603027], [83.493652, -67.441211], [83.903711, -67.291992], [84.160742, -67.244141], [84.485156, -67.114453], [84.74834, -67.102246], [85.116797, -67.125586], [85.429004, -67.160938], [85.710742, -67.161328], [86.118359, -67.05498], [86.750195, -67.037109], [86.946582, -66.985547], [87.084863, -66.940137], [87.980273, -66.788477], [88.31416, -66.81748], [88.789453, -66.791992], [89.076563, -66.799414], [89.351758, -66.818164], [89.698438, -66.823047], [90.292969, -66.769629], [90.547266, -66.734277], [91.02168, -66.602832], [91.546094, -66.57207], [91.777051, -66.5375], [92.073438, -66.50791], [92.312305, -66.558594], [92.48584, -66.604297], [92.591992, -66.614453], [92.730566, -66.624414], [93.074902, -66.571094], [93.358008, -66.585449], [93.72168, -66.642969], [93.964258, -66.689648], [94.08877, -66.688867], [94.313477, -66.647168], [94.586816, -66.543555], [94.839844, -66.501367], [95.083984, -66.527441], [95.247949, -66.571191], [95.541016, -66.630957], [95.991406, -66.621191], [96.42373, -66.599609], [96.788867, -66.550586], [97.100586, -66.499414], [97.388477, -66.578613], [97.719824, -66.607324], [98.257617, -66.46748], [98.461719, -66.498535], [98.603125, -66.534766], [98.720117, -66.553125], [98.858887, -66.670801], [99.370117, -66.648242], [99.824316, -66.548633], [100.211719, -66.473926], [100.591211, -66.425195], [100.889063, -66.358008], [101.327148, -66.100488], [101.320898, -66.020898], [101.381348, -65.973047], [101.474414, -65.951172], [102.174121, -65.954199], [102.392188, -65.932617], [102.674219, -65.865137], [103.166602, -65.916895], [103.63877, -65.998926], [103.763477, -65.989746], [103.951172, -65.988086], [104.289062, -66.03916], [104.666992, -66.136816], [105.000391, -66.164062], [106.386914, -66.410645], [107.170898, -66.47041], [107.565527, -66.552344], [107.667285, -66.580371], [107.785059, -66.664062], [107.991699, -66.67207], [108.15791, -66.639063], [108.376172, -66.76582], [108.910059, -66.861914], [109.462793, -66.908691], [109.82373, -66.833691], [110.437012, -66.621094], [110.622266, -66.524023], [110.587012, -66.312305], [110.906738, -66.07666], [111.453125, -65.960938], [112.130273, -65.900098], [112.547852, -65.847949], [113.099414, -65.799902], [113.367969, -65.84873], [113.502148, -65.886328], [113.709766, -65.92959], [113.954492, -66.060449], [114.336914, -66.360156], [114.618555, -66.467969], [114.869531, -66.476953], [115.082422, -66.492969], [115.310352, -66.56084], [115.635352, -66.771191], [115.441895, -66.958008], [115.27373, -67.02793], [114.570605, -67.108496], [114.259766, -67.172266], [113.991211, -67.211914], [113.9125, -67.367676], [114.026563, -67.441211], [114.319043, -67.405664], [114.65791, -67.387891], [114.925781, -67.356543], [115.171875, -67.307813], [115.38418, -67.238086], [115.885254, -67.201953], [116.214648, -67.142773], [116.509082, -67.10791], [116.713477, -67.047168], [116.923633, -67.055469], [117.131934, -67.114355], [117.297852, -67.109277], [117.744727, -67.128516], [117.951953, -67.085352], [118.138672, -67.082422], [118.325781, -67.115039], [118.518945, -67.160938], [118.713867, -67.17168], [118.964648, -67.144824], [119.318262, -67.070801], [119.767969, -66.991504], [120.187305, -66.966211], [120.289258, -66.966602], [120.374805, -66.983789], [119.953711, -67.075879], [119.280664, -67.199219], [118.92168, -67.319727], [119.133008, -67.370703], [120.400391, -67.236035], [120.978711, -67.135742], [121.487598, -67.090723], [121.613184, -67.057031], [122.033105, -66.901758], [122.182813, -66.859473], [122.633008, -66.804883], [123.22168, -66.745117], [123.666602, -66.676855], [123.969336, -66.608105], [124.196191, -66.600781], [124.370508, -66.652246], [124.597852, -66.708203], [124.821582, -66.694531], [125.095117, -66.641113], [125.286328, -66.51582], [125.397949, -66.424414], [125.603027, -66.393359], [125.865625, -66.364453], [126.077148, -66.395508], [126.42373, -66.462402], [126.664746, -66.497559], [126.873633, -66.759375], [127.36543, -66.989648], [127.541211, -67.051074], [127.968066, -67.02793], [128.430566, -67.119141], [128.627832, -67.107129], [128.816406, -67.080371], [128.982422, -67.098242], [129.236914, -67.041602], [129.5, -66.75293], [129.741211, -66.468555], [129.975781, -66.344824], [130.120508, -66.291504], [130.300586, -66.268457], [130.578516, -66.208594], [130.951758, -66.191406], [131.232031, -66.215527], [131.830859, -66.23584], [132.320312, -66.16543], [132.874316, -66.178027], [133.148242, -66.094824], [133.444531, -66.081445], [133.842773, -66.153613], [133.95752, -66.204297], [134.178906, -66.277051], [134.231836, -66.347656], [134.289453, -66.476758], [134.398145, -66.479883], [134.769727, -66.35332], [134.971484, -66.330176], [135.351953, -66.127148], [135.554785, -66.180078], [136.009375, -66.266797], [136.193945, -66.292188], [136.55332, -66.438965], [136.739648, -66.407715], [136.88916, -66.339648], [137.33623, -66.346484], [137.753809, -66.406445], [137.925781, -66.456934], [138.139941, -66.543945], [138.270996, -66.564453], [138.376465, -66.54043], [139.241602, -66.574023], [139.613184, -66.637598], [139.900098, -66.715137], [140.901563, -66.751953], [141.285938, -66.831836], [141.517188, -66.794043], [141.972852, -66.806738], [142.158984, -66.873633], [142.32666, -66.94834], [142.6875, -67.012793], [142.888379, -67.000098], [143.168945, -66.948633], [143.448242, -66.876758], [143.730371, -66.876758], [143.862695, -66.938574], [143.911133, -67.090723], [144.117676, -67.087695], [144.347852, -67.017969], [144.550586, -67.035547], [144.621191, -67.141406], [144.515332, -67.28252], [144.259668, -67.478711], [144.153711, -67.644141], [143.941992, -67.794043], [143.977344, -67.864551], [144.189063, -67.899805], [144.404297, -67.794238], [144.879102, -67.720898], [145.12793, -67.625977], [145.556445, -67.590918], [145.975195, -67.624219], [146.276367, -67.750879], [146.827832, -67.964648], [146.852441, -68.041016], [146.896582, -68.120313], [146.878223, -68.191211], [146.797656, -68.273633], [147.093652, -68.368652], [147.353809, -68.384277], [147.568555, -68.375098], [148.45625, -68.466992], [148.880566, -68.431152], [149.262695, -68.431348], [149.716895, -68.417773], [150.065527, -68.419922], [150.342188, -68.435742], [150.671973, -68.40293], [150.935938, -68.358496], [151.068262, -68.384961], [151.121094, -68.623047], [151.138867, -68.76416], [151.28877, -68.81709], [151.447559, -68.76416], [151.562109, -68.693652], [152.265234, -68.725586], [152.545508, -68.72959], [152.81416, -68.767676], [153.081836, -68.856836], [153.339941, -68.817969], [153.495703, -68.764355], [153.705273, -68.728906], [153.766992, -68.640625], [153.792383, -68.493359], [153.784668, -68.349609], [153.908008, -68.323145], [154.031543, -68.349609], [154.199707, -68.417871], [154.576367, -68.634277], [154.866016, -68.774316], [154.9875, -68.841309], [155.163965, -68.894629], [155.520313, -69.024414], [156.010938, -69.077832], [156.488672, -69.183008], [157.046387, -69.17627], [157.481348, -69.308691], [157.775781, -69.204688], [157.93252, -69.180762], [158.157813, -69.208887], [158.432617, -69.299414], [158.647168, -69.320117], [159.386328, -69.468359], [159.783984, -69.521875], [159.930957, -69.630566], [160.125781, -69.734277], [160.125781, -69.840137], [160.209668, -69.974902], [160.651855, -70.080566], [160.826758, -70.182031], [161.037012, -70.317188], [161.424512, -70.826758], [161.625098, -70.916113], [161.916113, -70.907324], [162.189453, -71.039551], [162.277734, -71.021875], [162.286523, -70.969043], [162.039648, -70.625], [162.021973, -70.439844], [162.216016, -70.333984], [162.674805, -70.30459], [163.026465, -70.501367], [163.34873, -70.620898], [163.566504, -70.642285], [163.998438, -70.636523], [164.403223, -70.510449], [164.716016, -70.556543], [165.209375, -70.570801], [165.853906, -70.645313], [166.132031, -70.632812], [166.626953, -70.664258], [167.228809, -70.771289], [167.569434, -70.810254], [167.640039, -70.854395], [167.798828, -70.924902], [167.878125, -71.013086], [167.966309, -71.09248], [168.172656, -71.183203], [168.382812, -71.197363], [168.797852, -71.274805], [169.66377, -71.511328], [169.976953, -71.580664], [170.162305, -71.630469], [170.250488, -71.56875], [170.276855, -71.443945], [170.435742, -71.41875], [170.60332, -71.604004], [170.779688, -71.745117], [170.859082, -71.868555], [170.675391, -71.968555], [170.409277, -71.947949], [170.224023, -71.947949], [170.030078, -72.115527], [169.953516, -72.402832], [170.127148, -72.397754], [170.259375, -72.371289], [170.28584, -72.477148], [170.206445, -72.565332], [170.047754, -72.600586], [169.774902, -72.533789], [169.440332, -72.486816], [169.072363, -72.46875], [168.718848, -72.384473], [168.576172, -72.379102], [168.428418, -72.383398], [168.62168, -72.472656], [168.82002, -72.552441], [169.269531, -72.621289], [169.828613, -72.728809], [169.844824, -72.794629], [169.712109, -72.876953], [169.54502, -73.050391], [169.033398, -73.200391], [168.735938, -73.091211], [168.381348, -73.065918], [168.204492, -73.129785], [167.853027, -73.122461], [167.155664, -73.147266], [166.882812, -73.01123], [166.452832, -72.936035], [166.466992, -72.997461], [166.833984, -73.224316], [167.225586, -73.275781], [167.61582, -73.336816], [167.709082, -73.394238], [167.53418, -73.447266], [167.296484, -73.440039], [166.996094, -73.544336], [166.428809, -73.526953], [166.159375, -73.533789], [166.001074, -73.57666], [165.860156, -73.592676], [165.970605, -73.630762], [166.106055, -73.735156], [165.913281, -73.822852], [165.733691, -73.866699], [165.548926, -73.846094], [165.346973, -73.879395], [165.249902, -73.782422], [165.244531, -73.571191], [165.129492, -73.382617], [165.004883, -73.374512], [164.812988, -73.396777], [164.749609, -73.558789], [164.887695, -73.837695], [164.979883, -73.925879], [164.905957, -74.00293], [164.775684, -74.028516], [165.037207, -74.263477], [165.263086, -74.426172], [165.399805, -74.479199], [165.408594, -74.558594], [165.302832, -74.59375], [165.001172, -74.562695], [164.853027, -74.57832], [164.688965, -74.568359], [164.410742, -74.533398], [164.174023, -74.523242], [163.93584, -74.567383], [163.735254, -74.56377], [163.556543, -74.417383], [163.397852, -74.382129], [163.265527, -74.42627], [163.167383, -74.601953], [162.96123, -74.656055], [162.752051, -74.736133], [162.604102, -74.823145], [162.533594, -75.16709], [162.410059, -75.237598], [162.225586, -75.23457], [162.087793, -75.261621], [161.910352, -75.233887], [161.67959, -75.217773], [160.910742, -75.334668], [161.03291, -75.395898], [161.227344, -75.386133], [161.903516, -75.404199], [162.189648, -75.466895], [162.239063, -75.62168], [162.351953, -75.686523], [162.577637, -75.758008], [162.754004, -75.793262], [162.815723, -75.846191], [162.745117, -75.951953], [162.648242, -76.049023], [162.436523, -76.154883], [162.498242, -76.207715], [162.727539, -76.225391], [162.824609, -76.463574], [162.674609, -76.569336], [162.745215, -76.65752], [162.762793, -76.745703], [162.60957, -76.828711], [162.489453, -76.869238], [162.450293, -76.955664], [162.679102, -77.006738], [162.850195, -77.023535], [163.086914, -77.032324], [163.249902, -77.126465], [163.458496, -77.269336], [163.607617, -77.387793], [163.619141, -77.582324], [163.766211, -77.699902], [164.045215, -77.774609], [164.036426, -77.853027], [164.232031, -77.877051], [164.420898, -77.883496], [164.491504, -77.954004], [164.429688, -78.042188], [164.107813, -78.146777], [163.977637, -78.223828], [164.297363, -78.23623], [164.628125, -78.315625], [165.050586, -78.226074], [165.274023, -78.128613], [165.417578, -78.042188], [165.524023, -78.063574], [165.53418, -78.153809], [165.662988, -78.305664], [166.208594, -78.45166], [166.510352, -78.497363], [166.801172, -78.521582], [167.058008, -78.518457], [167.130273, -78.606152], [167.049023, -78.686035], [166.85, -78.679883], [166.524609, -78.694922], [166.286523, -78.627832], [166.116797, -78.571094], [164.634766, -78.603223], [164.300586, -78.630078], [163.901758, -78.71709], [163.503125, -78.758594], [162.895117, -78.844824], [162.639453, -78.897754], [161.974512, -78.694238], [161.757422, -78.544922], [161.669238, -78.536133], [161.510449, -78.571387], [161.501758, -78.677246], [161.813379, -78.907422], [161.951465, -78.968262], [161.951465, -79.02998], [161.864258, -79.060938], [161.737305, -79.059961], [161.546094, -79.015039], [161.190527, -78.978711], [160.873535, -79.049707], [160.482715, -79.201465], [160.567383, -79.302344], [160.670215, -79.358887], [160.646094, -79.426855], [160.20918, -79.554395], [160.067969, -79.56123], [159.975879, -79.585645], [160.083594, -79.63252], [160.322754, -79.635547], [160.346289, -79.691504], [160.264844, -79.736621], [159.871875, -79.789844], [159.896484, -79.858984], [160.111426, -79.89248], [160.387305, -79.879492], [160.558008, -79.92959], [160.558789, -80.010547], [160.381738, -80.054492], [160.179395, -80.088086], [158.76748, -80.293359], [158.560352, -80.348926], [158.573633, -80.423438], [159.065137, -80.442578], [160.542188, -80.425], [160.637305, -80.449902], [160.60332, -80.507617], [160.521289, -80.583398], [160.601367, -80.636523], [160.823242, -80.674023], [160.830273, -80.729883], [160.72002, -80.753125], [160.502539, -80.779297], [160.260156, -80.786719], [160.275781, -80.846777], [160.607227, -80.901172], [160.716797, -80.907422], [160.72793, -81.112891], [160.716699, -81.199609], [160.540039, -81.241699], [160.478613, -81.270117], [160.469824, -81.340625], [160.907813, -81.390234], [161.582129, -81.609766], [161.730176, -81.610449], [161.996094, -81.653027], [162.425293, -81.764941], [162.57666, -81.832031], [162.821191, -81.866211], [162.854395, -81.920703], [163.004297, -81.968945], [163.602344, -82.120605], [163.680078, -82.187305], [162.426563, -82.314453], [161.166504, -82.407813], [161.283203, -82.489941], [162.64375, -82.481543], [163.011816, -82.534961], [163.174707, -82.518945], [163.268555, -82.463281], [164.001367, -82.396777], [164.747168, -82.354395], [164.980078, -82.384961], [165.981641, -82.629688], [166.445898, -82.722168], [166.742188, -82.757031], [166.956738, -82.764648], [167.116309, -82.80127], [167.271289, -82.879395], [167.232617, -82.952344], [167.297461, -82.98584], [167.404492, -82.998828], [167.601953, -83.047461], [167.827539, -83.030762], [168.091797, -82.974707], [168.275977, -82.987207], [168.607324, -83.065332], [168.481641, -83.126758], [168.408398, -83.155078], [168.32002, -83.210742], [168.240234, -83.229883], [167.973047, -83.243164], [167.825391, -83.242969], [167.674414, -83.231445], [167.657617, -83.272168], [167.842773, -83.316211], [168.110059, -83.362012], [169.837891, -83.399023], [170.332031, -83.478809], [170.81748, -83.435742], [171.035742, -83.448438], [171.220703, -83.475], [171.289258, -83.555469], [171.537109, -83.581348], [171.917188, -83.644043], [172.450098, -83.675391], [172.873926, -83.673145], [173.397266, -83.758789], [173.661816, -83.760938], [173.822363, -83.810156], [175.011035, -83.839063], [175.187402, -83.877441], [175.322852, -83.940039], [175.605762, -83.967578], [175.91123, -83.973145], [177.581055, -84.074902], [178.208594, -84.129883], [178.352637, -84.12666], [178.495996, -84.135742], [178.944434, -84.181445], [179.403027, -84.206152], [179.620313, -84.268359], [180, -84.351562], [180, -89.998926], [178.59375, -89.998926], [177.1875, -89.998926], [175.78125, -89.998926], [174.375, -89.998926], [172.96875, -89.998926], [171.5625, -89.998926], [170.15625, -89.998926], [168.75, -89.998926], [167.34375, -89.998926], [165.9375, -89.998926], [164.531152, -89.998926], [163.125, -89.998926], [161.71875, -89.998926], [160.3125, -89.998926], [158.90625, -89.998926], [157.5, -89.998926], [156.09375, -89.998926], [154.6875, -89.998926], [153.28125, -89.998926], [151.875, -89.998926], [150.46875, -89.998926], [149.0625, -89.998926], [147.65625, -89.998926], [146.25, -89.998926], [144.84375, -89.998926], [143.4375, -89.998926], [142.03125, -89.998926], [140.625, -89.998926], [139.21875, -89.998926], [137.8125, -89.998926], [136.40625, -89.998926], [135, -89.998926], [133.59375, -89.998926], [132.1875, -89.998926], [130.78125, -89.998926], [129.375, -89.998926], [127.96875, -89.998926], [126.562402, -89.998926], [125.15625, -89.998926], [123.75, -89.998926], [122.34375, -89.998926], [120.9375, -89.998926], [119.53125, -89.998926], [118.125, -89.998926], [116.71875, -89.998926], [115.3125, -89.998926], [113.90625, -89.998926], [112.5, -89.998926], [111.093848, -89.998926], [109.6875, -89.998926], [108.28125, -89.998926], [106.875, -89.998926], [105.46875, -89.998926], [104.0625, -89.998926], [102.65625, -89.998926], [101.25, -89.998926], [99.84375, -89.998926], [98.4375, -89.998926], [97.03125, -89.998926], [95.625, -89.998926], [94.21875, -89.998926], [92.8125, -89.998926], [91.40625, -89.998926], [90, -89.998926], [88.59375, -89.998926], [87.1875, -89.998926], [85.78125, -89.998926], [84.375, -89.998926], [82.96875, -89.998926], [81.5625, -89.998926], [80.15625, -89.998926], [78.75, -89.998926], [77.34375, -89.998926], [75.9375, -89.998926], [74.53125, -89.998926], [73.125, -89.998926], [71.71875, -89.998926], [70.3125, -89.998926], [68.90625, -89.998926], [67.5, -89.998926], [66.09375, -89.998926], [64.6875, -89.998926], [63.28125, -89.998926], [61.875, -89.998926], [60.46875, -89.998926], [59.0625, -89.998926], [57.65625, -89.998926], [56.25, -89.998926], [54.84375, -89.998926], [53.4375, -89.998926], [52.03125, -89.998926], [50.625, -89.998926], [49.21875, -89.998926], [47.8125, -89.998926], [46.40625, -89.998926], [45, -89.998926], [43.59375, -89.998926], [42.1875, -89.998926], [40.78125, -89.998926], [39.375, -89.998926], [37.96875, -89.998926], [36.5625, -89.998926], [35.15625, -89.998926], [33.75, -89.998926], [32.34375, -89.998926], [30.9375, -89.998926], [29.53125, -89.998926], [28.124902, -89.998926], [26.71875, -89.998926], [25.3125, -89.998926], [23.906152, -89.998926], [22.5, -89.998926], [21.09375, -89.998926], [19.6875, -89.998926], [18.281152, -89.998926], [16.875, -89.998926], [15.46875, -89.998926], [14.0625, -89.998926], [12.65625, -89.998926], [11.25, -89.998926], [9.84375, -89.998926], [8.4375, -89.998926], [7.03125, -89.998926], [5.625, -89.998926], [4.21875, -89.998926], [2.8125, -89.998926], [1.40625, -89.998926], [0, -89.998926], [-1.40625, -89.998926], [-2.8125, -89.998926], [-4.218799, -89.998926], [-5.625049, -89.998926], [-7.03125, -89.998926], [-8.437549, -89.998926], [-9.843799, -89.998926], [-11.250049, -89.998926], [-12.65625, -89.998926], [-14.0625, -89.998926], [-15.46875, -89.998926], [-16.875, -89.998926], [-18.28125, -89.998926], [-19.6875, -89.998926], [-21.09375, -89.998926], [-22.5, -89.998926], [-23.90625, -89.998926], [-25.312549, -89.998926], [-26.71875, -89.998926], [-28.125, -89.998926], [-29.53125, -89.998926], [-30.9375, -89.998926], [-32.34375, -89.998926], [-33.75, -89.998926], [-35.15625, -89.998926], [-36.5625, -89.998926], [-37.96875, -89.998926], [-39.375, -89.998926], [-40.78125, -89.998926], [-42.1875, -89.998926], [-43.593799, -89.998926], [-45, -89.998926], [-46.40625, -89.998926], [-47.8125, -89.998926], [-49.21875, -89.998926], [-50.625, -89.998926], [-52.03125, -89.998926], [-53.437549, -89.998926], [-54.84375, -89.998926], [-56.25, -89.998926], [-57.65625, -89.998926], [-59.0625, -89.998926], [-60.46875, -89.998926], [-61.875, -89.998926], [-63.28125, -89.998926], [-64.6875, -89.998926], [-66.09375, -89.998926], [-67.5, -89.998926], [-68.90625, -89.998926], [-70.3125, -89.998926], [-71.71875, -89.998926], [-73.125, -89.998926], [-74.53125, -89.998926], [-75.9375, -89.998926], [-77.34375, -89.998926], [-78.75, -89.998926], [-80.15625, -89.998926], [-81.5625, -89.998926], [-82.96875, -89.998926], [-84.375, -89.998926], [-85.78125, -89.998926], [-87.1875, -89.998926], [-88.59375, -89.998926], [-90, -89.998926], [-91.40625, -89.998926], [-92.8125, -89.998926], [-94.21875, -89.998926], [-95.625, -89.998926], [-97.03125, -89.998926], [-98.4375, -89.998926], [-99.84375, -89.998926], [-101.25, -89.998926], [-102.65625, -89.998926], [-104.0625, -89.998926], [-105.46875, -89.998926], [-106.875, -89.998926], [-108.28125, -89.998926], [-109.6875, -89.998926], [-111.09375, -89.998926], [-112.5, -89.998926], [-113.90625, -89.998926], [-115.3125, -89.998926], [-116.71875, -89.998926], [-118.125, -89.998926], [-119.53125, -89.998926], [-120.9375, -89.998926], [-122.34375, -89.998926], [-123.75, -89.998926], [-125.15625, -89.998926], [-126.5625, -89.998926], [-127.96875, -89.998926], [-129.375, -89.998926], [-130.78125, -89.998926], [-132.1875, -89.998926], [-133.59375, -89.998926], [-135, -89.998926], [-136.40625, -89.998926], [-137.8125, -89.998926], [-139.21875, -89.998926], [-140.625, -89.998926], [-142.03125, -89.998926], [-143.4375, -89.998926], [-144.84375, -89.998926], [-146.25, -89.998926], [-147.65625, -89.998926], [-149.0625, -89.998926], [-150.46875, -89.998926], [-151.875, -89.998926], [-153.28125, -89.998926], [-154.687549, -89.998926], [-156.09375, -89.998926], [-157.5, -89.998926], [-158.90625, -89.998926], [-160.3125, -89.998926], [-161.718799, -89.998926], [-163.125, -89.998926], [-164.53125, -89.998926], [-165.937549, -89.998926], [-167.343799, -89.998926], [-168.750049, -89.998926], [-170.156299, -89.998926], [-171.5625, -89.998926], [-172.96875, -89.998926], [-174.375, -89.998926], [-175.78125, -89.998926], [-177.1875, -89.998926], [-178.59375, -89.998926], [-180, -89.998926], [-180, -89.58291], [-180, -89.292969], [-180, -88.587012], [-180, -87.881055], [-180, -87.175195], [-180, -86.469336], [-180, -85.763379], [-180, -85.05752], [-180, -84.351562], [-178.389502, -84.3375], [-178.069043, -84.352344], [-177.73042, -84.395215], [-176.985547, -84.399316], [-176.289014, -84.418359], [-176.107373, -84.475293], [-175.874609, -84.510352], [-175.381006, -84.479785], [-174.986719, -84.46543], [-174.663184, -84.462695], [-171.703662, -84.542383], [-168.667773, -84.683594], [-168.048584, -84.728613], [-167.492188, -84.833691], [-166.911084, -84.819238], [-163.463721, -84.900879], [-162.933398, -84.901172], [-160.820898, -84.986621], [-157.12749, -85.185645], [-156.810303, -85.192188], [-156.459131, -85.186035], [-156.642773, -85.079395], [-156.988281, -84.982227], [-157.453906, -84.912402], [-157.149609, -84.891309], [-156.489648, -84.889258], [-156.620996, -84.839648], [-156.986328, -84.811133], [-158.303418, -84.778027], [-163.568506, -84.528711], [-163.685449, -84.513086], [-163.758984, -84.492773], [-163.897021, -84.47041], [-164.11416, -84.44541], [-164.916846, -84.431348], [-165.135352, -84.409863], [-165.24043, -84.38125], [-165.184814, -84.369531], [-165.125146, -84.374609], [-163.89917, -84.352637], [-163.765186, -84.324219], [-163.757617, -84.305469], [-163.821387, -84.290527], [-164.032129, -84.274023], [-164.52832, -84.191016], [-164.685059, -84.15459], [-164.602832, -84.09668], [-164.502539, -84.071582], [-164.123926, -84.053516], [-164.011328, -84.015625], [-164.08291, -83.946094], [-164.950879, -83.805859], [-165.536328, -83.756641], [-165.921777, -83.790234], [-166.649463, -83.791992], [-167.552881, -83.81084], [-167.801221, -83.79082], [-168.052734, -83.735449], [-168.347363, -83.636816], [-168.497266, -83.611328], [-168.78501, -83.529297], [-169.167676, -83.449805], [-171.187842, -83.256445], [-171.539404, -83.203711], [-174.065967, -82.900098], [-174.172021, -82.847754], [-174.235938, -82.793457], [-173.071143, -82.91582], [-172.851514, -82.916797], [-172.59292, -82.88418], [-172.392041, -82.893066], [-172.124365, -82.862402], [-171.821289, -82.847461], [-171.031299, -82.942969], [-169.440771, -83.095996], [-169.016064, -83.150293], [-168.790137, -83.187891], [-168.60376, -83.201563], [-168.417676, -83.228809], [-168.191016, -83.213281], [-168.054736, -83.226562], [-167.724268, -83.217383], [-166.216895, -83.200781], [-165.619189, -83.215527], [-164.915625, -83.290039], [-164.644336, -83.4125], [-164.445557, -83.467676], [-164.058398, -83.424707], [-163.733398, -83.373047], [-163.111084, -83.329102], [-162.912061, -83.34707], [-162.57417, -83.410645], [-162.197266, -83.518945], [-160.594727, -83.489551], [-159.923535, -83.494727], [-159.444385, -83.543164], [-157.699268, -83.38125], [-157.428467, -83.346387], [-157.027783, -83.234375], [-157.355811, -83.198438], [-157.589209, -83.187402], [-157.679492, -83.129492], [-157.521875, -83.106641], [-157.018262, -83.075195], [-156.037012, -83.026855], [-155.459424, -82.980762], [-155.150244, -82.858398], [-153.822266, -82.669336], [-153.398633, -82.58623], [-153.009863, -82.449609], [-153.882617, -82.176563], [-154.717432, -81.940723], [-154.451465, -81.867578], [-154.188477, -81.810547], [-154.061377, -81.76543], [-153.956641, -81.700195], [-154.23208, -81.623242], [-154.485156, -81.566211], [-154.907813, -81.510352], [-156.492578, -81.376953], [-157.03252, -81.319141], [-156.815088, -81.230957], [-156.528223, -81.162305], [-155.921143, -81.133398], [-152.034766, -81.029004], [-148.122754, -80.900781], [-148.023438, -80.835742], [-148.542969, -80.760059], [-148.98418, -80.741504], [-149.147168, -80.718652], [-149.207422, -80.67041], [-149.214063, -80.604199], [-149.264404, -80.593066], [-149.428613, -80.58623], [-150.132764, -80.510449], [-150.281689, -80.480469], [-150.516113, -80.409473], [-150.575391, -80.353711], [-150.435449, -80.211035], [-150.220703, -80.15], [-149.845361, -80.117676], [-149.577637, -80.105957], [-148.766064, -80.108105], [-148.447998, -80.090527], [-148.317139, -80.070996], [-148.339795, -80.002734], [-148.430273, -79.971289], [-148.433496, -79.929492], [-148.296436, -79.906543], [-148.129297, -79.907715], [-148.082959, -79.856738], [-148.176514, -79.775879], [-148.41748, -79.731445], [-149.051416, -79.656934], [-150.490625, -79.545605], [-151.048438, -79.459668], [-151.368262, -79.393359], [-151.636133, -79.317676], [-151.903564, -79.280566], [-152.091406, -79.241602], [-152.053418, -79.192773], [-152.137695, -79.115918], [-152.243506, -79.102734], [-152.701367, -79.134863], [-153.517578, -79.117285], [-154.517725, -79.046582], [-155.209912, -78.964844], [-156.114551, -78.744629], [-156.469336, -78.635352], [-156.20791, -78.558691], [-155.919775, -78.510352], [-154.716406, -78.398145], [-154.537646, -78.358887], [-154.293018, -78.259082], [-154.695068, -78.216992], [-155.036621, -78.220801], [-155.341504, -78.191992], [-156.569238, -78.186133], [-157.266797, -78.199805], [-157.848047, -78.073926], [-158.285889, -77.950781], [-158.406934, -77.887793], [-158.500391, -77.77832], [-158.351416, -77.614844], [-158.22998, -77.497656], [-158.246484, -77.354297], [-158.213574, -77.157129], [-158.003076, -77.091211], [-157.842041, -77.079199], [-157.465381, -77.23125], [-157.139307, -77.24209], [-156.667676, -77.212988], [-156.368213, -77.134766], [-156.21123, -77.105664], [-155.91958, -77.098047], [-155.358838, -77.133301], [-155.101758, -77.119531], [-154.814941, -77.126953], [-153.909961, -77.226953], [-153.712598, -77.274219], [-153.606104, -77.310156], [-153.573047, -77.363086], [-153.460596, -77.416016], [-153.076953, -77.44248], [-151.998389, -77.412598], [-151.718994, -77.425879], [-150.956396, -77.573535], [-150.305566, -77.731445], [-150.084326, -77.770996], [-149.717725, -77.797461], [-149.588477, -77.774219], [-149.474023, -77.714844], [-149.125977, -77.642676], [-148.339941, -77.551172], [-148.155713, -77.462305], [-148.259814, -77.412598], [-148.559277, -77.361328], [-148.744385, -77.343262], [-148.843604, -77.283691], [-148.839014, -77.202344], [-148.77749, -77.125], [-148.572412, -77.105078], [-148.196338, -77.211328], [-147.730225, -77.309766], [-147.566406, -77.325293], [-147.442285, -77.320703], [-147.207227, -77.28584], [-146.927588, -77.259863], [-146.390625, -77.472461], [-146.073633, -77.486719], [-145.677148, -77.488086], [-145.600635, -77.455273], [-145.649658, -77.39834], [-145.713818, -77.338379], [-145.794287, -77.32998], [-145.807959, -77.273242], [-145.63457, -77.221289], [-145.515723, -77.199219], [-145.563184, -77.161719], [-145.753125, -77.10332], [-145.864307, -77.094141], [-145.966992, -77.06875], [-145.933936, -77.029004], [-145.806348, -77.012109], [-145.629248, -76.953711], [-145.685693, -76.884473], [-145.675684, -76.79668], [-145.750488, -76.749023], [-146.166455, -76.657617], [-146.77666, -76.507031], [-147.34043, -76.438379], [-148.601074, -76.493262], [-149.04585, -76.458008], [-149.339648, -76.418945], [-149.654248, -76.365332], [-149.284961, -76.31123], [-148.894824, -76.271777], [-148.780371, -76.238281], [-148.631787, -76.167969], [-148.458984, -76.117969], [-148.320312, -76.104492], [-147.860205, -76.130859], [-146.817334, -76.318066], [-146.597412, -76.337793], [-145.885742, -76.424316], [-145.686865, -76.428809], [-145.44209, -76.40918], [-145.642334, -76.325684], [-145.8604, -76.266602], [-146.383008, -76.099707], [-146.323486, -76.020313], [-145.987744, -75.88877], [-145.105518, -75.878906], [-144.721289, -75.832129], [-144.220605, -75.731445], [-143.574268, -75.563574], [-143.022168, -75.543457], [-142.329834, -75.490918], [-142.094189, -75.529785], [-141.505713, -75.69043], [-141.134619, -75.745996], [-141.008984, -75.750781], [-140.874316, -75.745898], [-141.22334, -75.545898], [-140.99873, -75.52002], [-140.709277, -75.497656], [-140.470996, -75.447266], [-140.293799, -75.405859], [-139.691162, -75.212793], [-139.148828, -75.160156], [-137.618164, -75.075586], [-137.090137, -75.152637], [-136.649854, -75.161719], [-136.549512, -75.139453], [-136.461914, -75.03584], [-136.227832, -74.836035], [-136.030078, -74.765332], [-135.362061, -74.69043], [-134.840381, -74.694141], [-134.465088, -74.776172], [-134.117139, -74.829688], [-133.796338, -74.85459], [-133.474854, -74.851855], [-132.99165, -74.806152], [-132.35127, -74.789355], [-132.049365, -74.765723], [-131.706543, -74.810938], [-130.857471, -74.825977], [-130.195605, -74.890625], [-129.79082, -74.891406], [-129.238281, -74.828906], [-128.940625, -74.820215], [-127.863379, -74.719238], [-127.020215, -74.697852], [-126.383984, -74.742578], [-125.353418, -74.714648], [-124.312451, -74.735742], [-123.889453, -74.773047], [-121.543945, -74.75], [-119.677002, -74.65459], [-119.422217, -74.621582], [-119.022412, -74.517871], [-118.80293, -74.422266], [-118.655762, -74.392773], [-118.342041, -74.381543], [-117.806201, -74.40293], [-117.068311, -74.473242], [-116.433008, -74.44707], [-115.222607, -74.487402], [-115.105176, -74.455078], [-114.991016, -74.275], [-114.791016, -73.988574], [-114.62373, -73.90293], [-114.345947, -73.925], [-113.508496, -74.088867], [-113.489404, -74.158398], [-113.574658, -74.20791], [-113.713574, -74.227734], [-113.753271, -74.366699], [-113.64082, -74.406348], [-113.454248, -74.394238], [-113.332959, -74.454199], [-113.597314, -74.558789], [-113.783105, -74.618164], [-113.903467, -74.644434], [-113.984766, -74.842969], [-114.097217, -74.909082], [-114.110449, -74.981836], [-113.931836, -74.981836], [-113.752539, -74.952148], [-113.593408, -74.943652], [-113.091504, -74.891699], [-112.17002, -74.832227], [-111.868213, -74.801172], [-111.69624, -74.792188], [-111.584424, -74.750879], [-111.738721, -74.653418], [-111.788721, -74.57168], [-111.695898, -74.504102], [-111.722266, -74.386621], [-111.806348, -74.269727], [-111.62998, -74.181445], [-111.466797, -74.200781], [-111.180176, -74.188086], [-111.019824, -74.230469], [-110.77041, -74.268945], [-110.533936, -74.288867], [-110.30708, -74.366699], [-110.229785, -74.536328], [-110.300439, -74.710645], [-110.531934, -74.836328], [-110.967578, -74.95127], [-111.463135, -75.133398], [-111.358789, -75.219922], [-111.104199, -75.19082], [-109.98999, -75.199121], [-109.272168, -75.185059], [-108.822266, -75.206641], [-108.254492, -75.252539], [-107.804736, -75.321582], [-107.266797, -75.334473], [-106.932129, -75.309375], [-106.618848, -75.343945], [-105.399365, -75.197656], [-104.901855, -75.115137], [-104.617822, -75.15625], [-104.159668, -75.120703], [-103.901318, -75.152539], [-103.424902, -75.10127], [-103.121045, -75.095215], [-102.771338, -75.116992], [-101.708105, -75.127344], [-101.627832, -75.221777], [-101.303711, -75.36582], [-101.039355, -75.421875], [-100.706348, -75.398145], [-100.463428, -75.353418], [-100.082812, -75.37041], [-99.531348, -75.308984], [-98.980225, -75.327441], [-98.752344, -75.31709], [-98.645703, -75.277148], [-98.557861, -75.189746], [-98.727246, -75.14082], [-99.208154, -75.078516], [-99.651904, -74.948828], [-99.848584, -74.92168], [-100.164062, -74.937891], [-100.312988, -74.914355], [-100.47334, -74.872363], [-100.264893, -74.822949], [-100.012695, -74.662109], [-100.118604, -74.515039], [-100.238135, -74.48418], [-100.530859, -74.488867], [-100.881836, -74.541113], [-101.023145, -74.50498], [-101.251709, -74.485742], [-101.342773, -74.350098], [-101.586719, -74.096387], [-101.71543, -74.02373], [-102.105127, -73.957715], [-102.44082, -73.925781], [-102.766455, -73.883789], [-102.862744, -73.783594], [-102.799512, -73.645703], [-102.410645, -73.616406], [-102.036621, -73.630566], [-101.828369, -73.655469], [-101.587402, -73.666797], [-101.310742, -73.695215], [-101.130225, -73.734863], [-100.985449, -73.757227], [-100.717773, -73.757812], [-99.781104, -73.720117], [-99.656152, -73.694141], [-99.541016, -73.645117], [-99.343359, -73.63418], [-99.161914, -73.64082], [-98.896143, -73.611133], [-99.200342, -73.570996], [-99.52793, -73.495117], [-100.020801, -73.402539], [-100.436377, -73.353125], [-101.189453, -73.317871], [-101.57373, -73.32959], [-101.815967, -73.31123], [-102.675049, -73.320898], [-102.908789, -73.285156], [-103.076172, -73.18457], [-103.307715, -72.945312], [-103.375, -72.818848], [-103.216602, -72.77207], [-103.110107, -72.721191], [-102.855859, -72.716211], [-102.484766, -72.735645], [-102.362891, -72.760156], [-102.272021, -72.834961], [-102.362939, -72.911426], [-102.482031, -72.951172], [-102.409277, -72.987402], [-102.028857, -72.998145], [-101.841504, -73.020898], [-101.681201, -73.029883], [-101.331836, -72.99541], [-100.820508, -72.981152], [-100.563574, -73.015527], [-100.258789, -73.041309], [-99.810742, -72.999902], [-98.208594, -73.022266], [-98.012402, -73.033203], [-97.818506, -73.101758], [-97.651025, -73.144434], [-97.476465, -73.12627], [-96.955762, -73.206445], [-96.67583, -73.268555], [-96.394238, -73.301172], [-96.152148, -73.309277], [-95.880566, -73.293848], [-95.529248, -73.241406], [-95.236621, -73.220117], [-95.02959, -73.238965], [-94.586475, -73.249512], [-94.246191, -73.312988], [-93.984668, -73.286719], [-93.705957, -73.215039], [-92.828369, -73.164648], [-92.241016, -73.178418], [-91.168652, -73.307031], [-90.920947, -73.319141], [-90.430908, -73.243262], [-90.273779, -73.118652], [-90.29541, -72.97793], [-90.152441, -72.944531], [-90.035205, -72.960156], [-89.817676, -72.862598], [-89.522363, -72.870898], [-89.34126, -72.889551], [-89.229395, -72.825781], [-89.127148, -72.693164], [-88.77998, -72.683008], [-88.526904, -72.702344], [-88.194092, -72.7875], [-88.194531, -72.858594], [-88.331738, -72.934375], [-88.560742, -73.120703], [-88.419385, -73.229004], [-88.20498, -73.219531], [-87.936328, -73.240918], [-87.608447, -73.194531], [-87.401025, -73.191992], [-87.037939, -73.353906], [-86.791016, -73.363672], [-86.602148, -73.353711], [-85.980762, -73.208496], [-85.801416, -73.19209], [-85.582178, -73.258984], [-85.260596, -73.413281], [-84.981201, -73.502051], [-84.571289, -73.556738], [-84.21416, -73.572754], [-83.796289, -73.645117], [-83.564844, -73.705957], [-83.041895, -73.707227], [-82.815234, -73.732324], [-82.183496, -73.856836], [-81.606104, -73.795703], [-81.30874, -73.738281], [-81.163184, -73.632422], [-81.235986, -73.47373], [-81.262402, -73.314941], [-81.176416, -73.248828], [-81.024316, -73.235547], [-80.336377, -73.41416], [-80.379834, -73.308105], [-80.43877, -73.225], [-80.614209, -73.083398], [-80.587744, -72.977637], [-80.442236, -72.944531], [-80.151758, -73.000098], [-79.808008, -73.028125], [-79.521729, -73.089551], [-78.963721, -73.312402], [-78.78623, -73.506738], [-78.407861, -73.555762], [-78.144141, -73.54707], [-77.845605, -73.515039], [-77.444043, -73.487988], [-77.135547, -73.495801], [-76.850488, -73.460449], [-76.764502, -73.566309], [-77.033008, -73.718457], [-77.134912, -73.817676], [-77.048926, -73.844141], [-76.8875, -73.820508], [-76.75498, -73.789453], [-76.291211, -73.805371], [-75.916211, -73.736426], [-75.59502, -73.71123], [-75.293066, -73.63877], [-75.043555, -73.645117], [-74.855469, -73.658008], [-74.594043, -73.715234], [-74.345264, -73.683887], [-74.197314, -73.695508], [-73.996045, -73.699805], [-72.929199, -73.447949], [-72.687402, -73.452344], [-72.380811, -73.438379], [-71.994189, -73.379199], [-71.697559, -73.353027], [-71.452734, -73.354492], [-71.017187, -73.262793], [-70.322656, -73.274023], [-69.968604, -73.226465], [-69.282227, -73.169629], [-68.820947, -73.105469], [-68.000342, -72.935547], [-67.66709, -72.83457], [-67.306738, -72.611133], [-67.079541, -72.387598], [-66.827734, -72.09043], [-66.95166, -71.897266], [-67.084131, -71.812207], [-67.195752, -71.718945], [-67.460352, -71.526758], [-67.529932, -71.28457], [-67.50459, -71.057813], [-67.598389, -70.844629], [-67.692187, -70.686133], [-67.888477, -70.42168], [-68.125684, -70.249902], [-68.40332, -70.019727], [-68.403662, -69.80918], [-68.469824, -69.643848], [-68.637549, -69.526367], [-68.707959, -69.432227], [-68.580029, -69.412695], [-68.461523, -69.383984], [-68.140869, -69.347559], [-67.371777, -69.412305], [-67.304346, -69.317578], [-67.110449, -69.248047], [-66.974902, -69.161035], [-67.02124, -69.028711], [-67.187598, -68.974414], [-67.390527, -68.86123], [-67.299023, -68.770703], [-67.133691, -68.770703], [-67.054297, -68.671484], [-67.116895, -68.574805], [-67.041016, -68.453125], [-66.893506, -68.297656], [-66.793359, -68.24043], [-66.977588, -68.146777], [-67.149854, -68.024609], [-67.106689, -67.930078], [-67.021289, -67.831445], [-66.915381, -67.692578], [-66.769873, -67.593359], [-66.677246, -67.560254], [-66.70498, -67.527148], [-66.923145, -67.491602], [-67.124316, -67.485059], [-67.486914, -67.546973], [-67.544531, -67.534668], [-67.564746, -67.50293], [-67.585791, -67.435156], [-67.550391, -67.269238], [-67.493359, -67.112793], [-67.440479, -67.090723], [-67.299023, -67.070801], [-67.160156, -66.951758], [-67.034473, -66.945117], [-66.955078, -66.984766], [-66.928613, -67.143555], [-66.886133, -67.17998], [-66.902148, -67.255957], [-66.836035, -67.282422], [-66.757324, -67.23252], [-66.61001, -67.208594], [-66.551562, -67.262598], [-66.498682, -67.289062], [-66.472217, -67.242773], [-66.490967, -67.114258], [-66.515137, -67.0625], [-66.533301, -66.979297], [-66.5021, -66.940137], [-66.464697, -66.875195], [-66.526807, -66.740723], [-66.503613, -66.689844], [-66.370898, -66.608887], [-66.306543, -66.591992], [-66.181885, -66.59248], [-65.95376, -66.645605], [-65.847461, -66.649805], [-65.766406, -66.624902], [-65.717969, -66.573242], [-65.678467, -66.402734], [-65.775781, -66.342578], [-65.774512, -66.287988], [-65.71748, -66.254492], [-65.617285, -66.135254], [-65.465088, -66.129297], [-65.316357, -66.139844], [-65.172021, -66.116797], [-65.22207, -66.068457], [-65.26748, -65.994238], [-65.105078, -65.95791], [-64.99873, -65.946289], [-64.72168, -65.992773], [-64.613525, -66.019043], [-64.514307, -65.95957], [-64.547363, -65.9], [-64.653223, -65.866895], [-64.673047, -65.814063], [-64.646582, -65.747852], [-64.474609, -65.780957], [-64.435352, -65.768359], [-64.390039, -65.708496], [-64.416797, -65.679883], [-64.438916, -65.640625], [-64.213477, -65.63291], [-64.17998, -65.617383], [-64.132227, -65.570508], [-64.065918, -65.553711], [-63.862207, -65.555957], [-63.818115, -65.531543], [-63.797949, -65.480371], [-63.908008, -65.467383], [-64.05127, -65.417188], [-64.071094, -65.278223], [-64.038037, -65.179004], [-63.912402, -65.093066], [-63.760254, -65.033496], [-63.482129, -65.084961], [-63.26416, -65.073145], [-63.178125, -65.126074], [-63.059082, -65.139355], [-63.032617, -65.079785], [-63.085693, -65.02793], [-63.119873, -64.94248], [-62.774658, -64.841699], [-62.664502, -64.85752], [-62.527539, -64.833398], [-62.576221, -64.755664], [-62.503467, -64.656445], [-62.404248, -64.643262], [-62.338086, -64.729199], [-62.243311, -64.746875], [-62.139648, -64.726758], [-61.88252, -64.625391], [-61.756396, -64.609863], [-61.631787, -64.604688], [-61.500488, -64.545605], [-61.47002, -64.475586], [-61.395947, -64.427148], [-61.173584, -64.3625], [-61.082129, -64.314746], [-60.886621, -64.149707], [-60.92207, -64.10791], [-60.86416, -64.073438], [-60.277246, -63.923926], [-59.989844, -63.90957], [-59.510156, -63.820703], [-59.217578, -63.713867], [-59.036426, -63.670313], [-58.87207, -63.551855], [-58.673535, -63.534375], [-58.215576, -63.45127], [-57.868066, -63.31875], [-57.389648, -63.22627], [-57.168262, -63.234766], [-57.076709, -63.2625], [-57.020654, -63.372852]]], [[[-45.222656, -78.810742], [-45.091602, -78.814258], [-44.566309, -78.804297], [-44.041162, -78.806641], [-43.72207, -78.818457], [-43.627344, -78.846094], [-43.544336, -78.901953], [-43.450635, -78.989648], [-43.363672, -79.084766], [-43.267236, -79.163086], [-43.210547, -79.3], [-43.118701, -79.35], [-42.965381, -79.477051], [-42.944678, -79.579102], [-42.98999, -79.80127], [-43.065918, -79.891406], [-43.267285, -79.978613], [-43.495801, -79.969336], [-43.600293, -79.973926], [-43.703662, -79.990137], [-43.742188, -80.00293], [-43.758203, -80.020508], [-43.48999, -80.095508], [-43.458838, -80.123047], [-43.45376, -80.155078], [-43.489355, -80.178027], [-43.52793, -80.191406], [-49.1875, -80.642773], [-49.410449, -80.666895], [-49.629687, -80.712305], [-49.701318, -80.753223], [-49.773047, -80.78418], [-54.1625, -80.870117], [-54.2021, -80.863867], [-54.241309, -80.846973], [-54.350781, -80.760352], [-54.371582, -80.623633], [-54.347168, -80.569434], [-54.12959, -80.516504], [-54.044922, -80.4875], [-53.676074, -80.283691], [-53.482324, -80.188965], [-53.393896, -80.108789], [-53.346484, -80.114453], [-53.176416, -80.160938], [-53.053467, -80.175], [-52.807227, -80.155957], [-52.566797, -80.099023], [-52.460986, -80.066602], [-52.357129, -80.077832], [-52.338086, -80.126074], [-52.297168, -80.141211], [-51.711328, -79.989844], [-51.183838, -79.819727], [-50.664355, -79.626758], [-50.401562, -79.511719], [-50.339258, -79.479492], [-50.294922, -79.429688], [-50.331348, -79.381445], [-50.378662, -79.338184], [-50.419531, -79.321289], [-50.463867, -79.313281], [-50.733057, -79.282715], [-50.649023, -79.232813], [-50.573291, -79.172266], [-50.520312, -79.104395], [-50.502393, -79.021777], [-50.513721, -78.979883], [-50.50249, -78.949902], [-50.379785, -78.922852], [-50.297754, -78.882227], [-50.241943, -78.833301], [-50.335449, -78.818262], [-50.377393, -78.780469], [-50.294189, -78.695996], [-50.219629, -78.605273], [-50.14165, -78.556738], [-49.939746, -78.462207], [-49.35415, -78.222461], [-49.143652, -78.093848], [-49.08125, -78.047461], [-47.69209, -77.840137], [-47.463477, -77.819043], [-47.029932, -77.790527], [-46.825684, -77.785254], [-46.257861, -77.804883], [-45.993164, -77.826855], [-45.530273, -77.881445], [-44.851953, -77.988379], [-44.594482, -78.035156], [-44.339844, -78.092871], [-44.093994, -78.167285], [-43.854492, -78.258496], [-43.808594, -78.286523], [-43.78457, -78.336328], [-43.776709, -78.385059], [-43.788281, -78.432617], [-43.852295, -78.529883], [-43.947217, -78.597559], [-45.067822, -78.661426], [-45.213086, -78.687012], [-45.294775, -78.739844], [-45.352344, -78.791211], [-45.222656, -78.810742]]], [[[-59.733936, -80.344141], [-59.77373, -80.558105], [-59.771338, -80.656543], [-59.825488, -80.733301], [-59.926367, -80.774316], [-60.124658, -80.840723], [-60.268213, -80.881348], [-60.582812, -80.948145], [-62.02334, -80.889063], [-62.670508, -80.834277], [-62.940381, -80.76582], [-62.986084, -80.73457], [-63.067529, -80.627441], [-63.143994, -80.594824], [-63.714941, -80.616992], [-64.065039, -80.650391], [-64.126465, -80.667871], [-64.219922, -80.733984], [-64.268262, -80.748535], [-65.202832, -80.607422], [-66.18374, -80.441992], [-66.591406, -80.357617], [-66.733594, -80.318555], [-66.771143, -80.293848], [-66.681104, -80.260449], [-66.588428, -80.238574], [-66.482666, -80.224414], [-66.376953, -80.222266], [-66.295801, -80.234766], [-66.217383, -80.258203], [-66.167627, -80.346191], [-66.115479, -80.36123], [-65.980078, -80.384473], [-62.518799, -80.37334], [-62.231836, -80.368652], [-61.633301, -80.344141], [-61.312842, -80.306543], [-61.193994, -80.256641], [-61.484766, -80.243848], [-61.597461, -80.205859], [-61.694336, -80.134375], [-61.716846, -80.069336], [-61.68418, -80.019727], [-61.302344, -79.995801], [-61.24624, -79.97832], [-61.34624, -79.950586], [-61.343115, -79.886816], [-61.11499, -79.862207], [-61.026318, -79.808887], [-60.578809, -79.741016], [-59.87334, -79.776953], [-59.706348, -79.875293], [-59.752441, -79.937988], [-59.785645, -80.001074], [-59.787793, -80.100977], [-59.498145, -80.115039], [-59.407812, -80.150879], [-59.32168, -80.196191], [-59.426611, -80.197656], [-59.530078, -80.208008], [-59.612402, -80.255469], [-59.683301, -80.315332], [-59.733936, -80.344141]]], [[[-70.051123, -69.189063], [-70.079346, -69.310938], [-69.913281, -69.267285], [-69.85498, -69.276563], [-69.707568, -69.320898], [-69.416943, -69.583203], [-69.352979, -69.666309], [-69.233789, -69.909082], [-69.09126, -70.090332], [-68.730566, -70.408105], [-68.553516, -70.581445], [-68.459473, -70.68291], [-68.450781, -70.817871], [-68.335986, -70.856055], [-68.314014, -70.911719], [-68.27793, -71.09707], [-68.252441, -71.313477], [-68.227832, -71.725195], [-68.241016, -71.822168], [-68.393896, -71.975195], [-68.460742, -72.085352], [-68.542578, -72.157617], [-68.640039, -72.209766], [-69.149268, -72.426563], [-69.209326, -72.53418], [-70.063086, -72.626172], [-70.543457, -72.664453], [-70.731348, -72.622949], [-70.922949, -72.613086], [-71.158594, -72.626953], [-71.846143, -72.639355], [-72.36748, -72.669727], [-72.433301, -72.658301], [-72.479883, -72.617285], [-72.530811, -72.589551], [-72.670215, -72.595898], [-72.780371, -72.580566], [-72.887646, -72.54668], [-73.007031, -72.484082], [-73.057422, -72.447559], [-73.086377, -72.407813], [-72.854834, -72.304199], [-72.7375, -72.280566], [-72.618213, -72.275098], [-72.376074, -72.296289], [-72.134961, -72.331348], [-71.605322, -72.358984], [-70.872607, -72.366406], [-70.671143, -72.356348], [-70.427686, -72.322559], [-70.206006, -72.227734], [-70.314209, -72.191016], [-70.42417, -72.167773], [-70.533203, -72.163379], [-70.641406, -72.169629], [-70.945166, -72.229102], [-71.177734, -72.264063], [-71.412549, -72.284473], [-71.661475, -72.249805], [-71.892187, -72.152832], [-71.897559, -72.120801], [-71.106641, -72.04707], [-71.034375, -72.03457], [-70.891113, -71.987402], [-70.844629, -71.945801], [-70.820996, -71.906543], [-71.35498, -71.836426], [-71.464648, -71.837891], [-71.574414, -71.850586], [-71.816162, -71.821875], [-72.045947, -71.739648], [-72.259082, -71.641211], [-72.336621, -71.632227], [-72.412207, -71.662305], [-72.927637, -71.92168], [-72.97207, -71.923633], [-73.166699, -71.90459], [-73.409961, -71.853125], [-73.63291, -71.834961], [-73.775977, -71.848926], [-73.829883, -71.870215], [-73.690576, -71.929395], [-73.572314, -71.980957], [-73.537109, -72.022363], [-73.899268, -72.152344], [-73.995605, -72.169824], [-74.152979, -72.158789], [-74.208936, -72.142285], [-74.321777, -72.072656], [-74.429297, -72.055566], [-74.663232, -72.069922], [-74.78584, -72.063574], [-74.908252, -72.033301], [-75.024121, -71.988477], [-75.129736, -71.963965], [-75.258887, -71.913965], [-75.353076, -71.878418], [-75.382715, -71.82793], [-75.373242, -71.780273], [-75.330811, -71.752344], [-75.324902, -71.725586], [-75.353125, -71.679688], [-75.335449, -71.645215], [-75.292578, -71.614941], [-75.099658, -71.555371], [-74.863135, -71.543359], [-74.636377, -71.61748], [-74.487451, -71.641504], [-74.418652, -71.643262], [-74.391797, -71.638184], [-74.37334, -71.617969], [-74.380078, -71.579395], [-74.420312, -71.507227], [-74.425391, -71.456934], [-74.375, -71.414941], [-74.30791, -71.399902], [-74.236084, -71.388379], [-74.187207, -71.383008], [-74.040967, -71.410449], [-73.937109, -71.438184], [-73.724268, -71.516992], [-73.545361, -71.573047], [-73.479004, -71.578711], [-73.427148, -71.558887], [-73.380176, -71.52793], [-73.592187, -71.448047], [-73.61709, -71.396582], [-73.604492, -71.350781], [-73.473975, -71.324902], [-73.397412, -71.321191], [-73.019727, -71.368652], [-72.821045, -71.383594], [-72.621582, -71.388379], [-72.21167, -71.335059], [-72.430078, -71.275], [-72.905469, -71.223145], [-72.994531, -71.186523], [-73.0604, -71.126953], [-72.710449, -71.072949], [-72.356348, -71.074805], [-71.718506, -71.145117], [-71.504492, -71.111523], [-71.30752, -71.01084], [-71.194043, -70.984766], [-70.741113, -70.992578], [-70.380664, -70.946387], [-70.3229, -70.951172], [-70.267676, -70.964746], [-69.916455, -71.133789], [-69.869775, -71.125684], [-69.835107, -71.092578], [-69.822852, -71.033691], [-69.82251, -70.973438], [-69.83042, -70.913672], [-69.875781, -70.875977], [-69.933203, -70.880371], [-69.993018, -70.89707], [-70.093994, -70.882617], [-70.19624, -70.850586], [-70.298682, -70.836133], [-70.660645, -70.817871], [-70.916943, -70.78584], [-71.049414, -70.762109], [-71.172656, -70.712988], [-71.190039, -70.65957], [-71.061084, -70.537109], [-70.562109, -70.404102], [-70.328076, -70.36123], [-70.09043, -70.350684], [-69.975293, -70.360156], [-69.702051, -70.414746], [-69.659863, -70.412305], [-69.618359, -70.398047], [-69.883008, -70.305176], [-70.117871, -70.23418], [-70.234082, -70.180469], [-70.327637, -70.159668], [-70.719531, -70.139453], [-70.926221, -70.192383], [-71.02373, -70.201367], [-71.120508, -70.196484], [-71.696094, -70.067773], [-71.728516, -70.053711], [-71.809961, -70.005176], [-71.853613, -69.969336], [-71.879248, -69.908984], [-71.867676, -69.847168], [-71.852002, -69.807031], [-71.766504, -69.649414], [-71.718213, -69.524023], [-71.74292, -69.422754], [-71.833594, -69.366797], [-71.963232, -69.328711], [-72.080664, -69.267188], [-72.114355, -69.225391], [-72.135156, -69.176563], [-72.137891, -69.114551], [-72.108643, -69.060059], [-72.057861, -69.000977], [-71.990137, -68.970801], [-71.868994, -68.941016], [-71.391553, -68.873535], [-70.416992, -68.788965], [-70.311914, -68.832227], [-70.154297, -68.922949], [-70.105469, -68.959375], [-70.052734, -69.139551], [-70.051123, -69.189063]]], [[[-98.091113, -71.9125], [-98.175928, -72.018457], [-98.167969, -72.123047], [-97.923145, -72.116602], [-97.816016, -71.918848], [-97.584766, -71.882617], [-97.473486, -72.000293], [-97.581982, -72.095117], [-97.525635, -72.149219], [-97.460254, -72.188281], [-97.345215, -72.189063], [-97.241992, -72.131836], [-97.195508, -72.091016], [-97.154785, -72.04541], [-97.088721, -71.944043], [-96.869434, -71.850977], [-96.38335, -71.836328], [-96.125, -71.895508], [-96.298193, -72.045117], [-96.714941, -72.131641], [-96.978906, -72.221875], [-96.890137, -72.246973], [-96.79873, -72.259473], [-96.717578, -72.255469], [-96.482324, -72.207617], [-95.906348, -72.121973], [-95.6854, -72.056641], [-95.609375, -72.068457], [-95.609521, -72.175], [-95.531055, -72.24873], [-95.575391, -72.409961], [-95.825684, -72.438965], [-96.078174, -72.453809], [-96.014307, -72.524707], [-96.029883, -72.554297], [-96.051758, -72.577246], [-96.692676, -72.547656], [-96.803906, -72.558008], [-96.914795, -72.57832], [-97.027637, -72.573828], [-97.250293, -72.520898], [-97.365527, -72.521777], [-97.595605, -72.547656], [-97.82832, -72.557031], [-98.163428, -72.556055], [-98.407812, -72.547656], [-98.640674, -72.489746], [-98.881543, -72.473242], [-99.148828, -72.471973], [-99.434326, -72.406641], [-99.672363, -72.379883], [-100.014258, -72.312402], [-100.104053, -72.287012], [-100.195215, -72.272656], [-100.357422, -72.278125], [-101.601953, -72.175684], [-101.784766, -72.177734], [-101.90332, -72.190332], [-102.022119, -72.184961], [-102.264795, -72.135254], [-102.313623, -72.081055], [-102.288281, -72.032129], [-102.236523, -72.009277], [-102.128125, -71.985449], [-100.400928, -71.865723], [-100.218652, -71.83291], [-100.084619, -71.836914], [-99.985156, -71.939453], [-99.833203, -72.046094], [-99.783984, -72.044336], [-99.734912, -72.033008], [-99.563086, -71.944922], [-99.254102, -71.972168], [-99.082129, -71.93252], [-98.964551, -71.854297], [-98.61543, -71.76377], [-98.394287, -71.781543], [-98.18916, -71.82002], [-98.091113, -71.9125]]], [[[-120.55625, -73.756055], [-120.378125, -73.855859], [-120.312305, -73.921973], [-120.272461, -73.98916], [-120.989502, -74.157031], [-121.019043, -74.173438], [-121.054102, -74.259961], [-121.036426, -74.279297], [-121.004687, -74.292871], [-121.002441, -74.326367], [-121.062402, -74.337305], [-122.286621, -74.403125], [-122.859082, -74.342676], [-122.938428, -74.302051], [-122.956055, -74.240332], [-122.890625, -74.227051], [-122.764746, -74.218652], [-122.794189, -74.19043], [-122.875244, -74.141211], [-122.880762, -74.099023], [-122.71001, -73.993652], [-122.624707, -73.965527], [-122.951172, -73.866602], [-122.991553, -73.844141], [-123.034668, -73.837598], [-123.19082, -73.849316], [-123.346191, -73.843066], [-123.291797, -73.803027], [-123.249072, -73.738672], [-123.112158, -73.682227], [-123.0125, -73.672949], [-122.910449, -73.679688], [-122.435693, -73.681641], [-121.966699, -73.711816], [-121.497314, -73.732813], [-120.722217, -73.751953], [-120.55625, -73.756055]]], [[[-126.329883, -73.28623], [-126.065283, -73.314844], [-125.975879, -73.356836], [-125.856641, -73.388281], [-125.735791, -73.405664], [-125.626807, -73.453223], [-125.561328, -73.536426], [-125.503906, -73.5625], [-125.326172, -73.617871], [-125.263965, -73.666406], [-125.276074, -73.690527], [-125.612402, -73.710742], [-125.723193, -73.702734], [-125.828418, -73.718359], [-125.859912, -73.748633], [-125.857031, -73.780176], [-125.798584, -73.801953], [-125.674414, -73.822168], [-125.552393, -73.820117], [-125.326855, -73.795508], [-125.224414, -73.800781], [-125.108789, -73.825977], [-124.993408, -73.829785], [-124.694385, -73.749609], [-124.61748, -73.735254], [-124.53999, -73.739746], [-124.128516, -73.833984], [-124.042041, -73.880371], [-124.100537, -73.906836], [-124.151807, -73.944238], [-124.129346, -73.971094], [-123.932324, -74.008008], [-123.851172, -74.057031], [-123.800439, -74.07627], [-123.811035, -74.117383], [-123.83877, -74.168262], [-123.836719, -74.225684], [-123.937402, -74.256152], [-123.982471, -74.256055], [-124.199414, -74.225586], [-124.872998, -74.208301], [-125.089551, -74.182422], [-125.420801, -74.069922], [-125.549316, -74.062695], [-125.682715, -74.035449], [-125.886865, -73.95459], [-126.244092, -73.890918], [-126.47168, -73.812109], [-126.465576, -73.746289], [-126.496094, -73.700195], [-126.538379, -73.680176], [-126.582666, -73.669922], [-126.710938, -73.653613], [-126.838232, -73.657324], [-126.90166, -73.676758], [-127.006396, -73.725781], [-127.12207, -73.73418], [-127.211621, -73.724414], [-127.231641, -73.713477], [-127.23291, -73.585547], [-127.332031, -73.56748], [-127.414355, -73.516309], [-127.429053, -73.446875], [-127.394336, -73.382227], [-127.267627, -73.304004], [-127.123535, -73.294336], [-126.977832, -73.308008], [-126.82998, -73.29082], [-126.596875, -73.278906], [-126.329883, -73.28623]]], [[[-159.05293, -79.807422], [-160.3021, -79.844531], [-160.806689, -79.812012], [-161.865527, -79.703516], [-163.317236, -79.504785], [-163.712402, -79.441992], [-163.970898, -79.38877], [-164.225781, -79.320801], [-164.281641, -79.245508], [-164.244873, -79.137695], [-164.199512, -79.050781], [-164.125537, -78.995313], [-163.814648, -78.928809], [-163.660254, -78.855762], [-163.345313, -78.779883], [-163.256104, -78.72207], [-163.124121, -78.719141], [-162.872754, -78.725195], [-162.621582, -78.741797], [-162.390039, -78.760156], [-162.160693, -78.793457], [-161.642969, -78.900977], [-161.283447, -79.007031], [-160.764404, -79.131641], [-160.249609, -79.271484], [-159.963525, -79.324316], [-159.684082, -79.402441], [-159.418799, -79.508105], [-159.366406, -79.545215], [-159.256104, -79.591016], [-159.189697, -79.637305], [-159.11875, -79.674512], [-159.051367, -79.694531], [-158.996582, -79.735156], [-159.00957, -79.780469], [-159.05293, -79.807422]]], [[[167.084082, -77.32168], [167.460938, -77.394336], [168.450781, -77.386133], [169.275586, -77.454688], [169.352734, -77.524707], [169.117285, -77.560547], [168.75459, -77.65332], [168.518848, -77.68125], [168.322559, -77.68252], [167.917578, -77.644141], [167.392285, -77.648633], [167.279492, -77.702637], [167.025098, -77.756445], [166.729004, -77.850977], [166.650391, -77.774023], [166.53252, -77.700391], [166.236816, -77.547461], [166.216797, -77.524609], [166.378418, -77.494043], [166.458008, -77.44375], [166.626367, -77.376758], [166.607129, -77.335547], [166.469043, -77.288867], [166.413086, -77.251953], [166.506348, -77.189355], [166.716406, -77.161719], [166.987305, -77.186523], [167.106836, -77.270605], [167.084961, -77.307422], [167.084082, -77.32168]]], [[[-31.118848, -79.798438], [-30.985059, -79.818457], [-30.84082, -79.771289], [-30.861475, -79.725879], [-30.779932, -79.647363], [-30.660156, -79.733105], [-29.870898, -79.823242], [-29.614453, -79.90957], [-29.720752, -79.929883], [-29.800098, -79.925977], [-30.029004, -79.936133], [-30.422119, -80.01084], [-30.844434, -79.938477], [-31.594238, -79.887695], [-31.824121, -79.849512], [-32.000293, -79.732422], [-31.68042, -79.634277], [-31.604883, -79.644727], [-31.118848, -79.798438]]], [[[-33.93418, -79.32041], [-34.049951, -79.357129], [-36.481299, -79.294043], [-36.600781, -79.282715], [-36.565967, -79.208789], [-36.237793, -79.195703], [-36.047998, -79.181152], [-35.790234, -79.148926], [-35.597314, -79.091895], [-35.534668, -79.090039], [-34.391504, -79.222949], [-33.994727, -79.278516], [-33.947168, -79.305371], [-33.93418, -79.32041]]], [[[-70.334082, -79.679883], [-70.552539, -79.683008], [-70.98374, -79.674414], [-71.414014, -79.640234], [-71.525781, -79.623633], [-71.68667, -79.568066], [-71.735205, -79.538574], [-71.777734, -79.500586], [-71.783545, -79.444336], [-71.66748, -79.245703], [-71.454004, -79.128906], [-71.254492, -79.059668], [-70.625879, -78.901563], [-70.543994, -78.883691], [-69.971875, -78.809375], [-69.747656, -78.769141], [-69.398242, -78.686133], [-67.478516, -78.3625], [-67.038135, -78.315723], [-66.840234, -78.349707], [-66.728076, -78.383691], [-66.787012, -78.42168], [-67.046143, -78.51416], [-67.166406, -78.569531], [-67.480957, -78.682422], [-68.157031, -78.870898], [-68.637939, -79.013184], [-69.250879, -79.210352], [-69.394434, -79.279785], [-69.686475, -79.443359], [-69.634473, -79.517578], [-69.731738, -79.618359], [-70.116309, -79.666016], [-70.334082, -79.679883]]], [[[-57.845996, -64.053906], [-57.808545, -64.067578], [-57.773682, -64.061523], [-57.741162, -64.047852], [-57.710059, -64.015137], [-57.59292, -63.96709], [-57.479736, -63.961621], [-57.51709, -64.010645], [-57.249463, -64.09707], [-57.272803, -64.166211], [-57.222266, -64.221387], [-57.327637, -64.237793], [-57.413965, -64.295898], [-57.338379, -64.318262], [-57.294678, -64.366992], [-57.387891, -64.378906], [-57.580762, -64.350391], [-57.683203, -64.357227], [-57.670752, -64.310938], [-57.70332, -64.293262], [-57.822852, -64.302051], [-57.871484, -64.400977], [-57.909766, -64.410059], [-57.952246, -64.394043], [-57.920703, -64.33125], [-57.971094, -64.32041], [-58.021582, -64.321582], [-58.169482, -64.368555], [-58.214062, -64.369727], [-58.304443, -64.314551], [-58.019971, -64.241992], [-58.137695, -64.206152], [-58.162207, -64.160742], [-58.14707, -64.097363], [-58.250439, -64.106836], [-58.352002, -64.130664], [-58.397607, -64.134766], [-58.438086, -64.113477], [-58.424951, -64.067773], [-58.341895, -63.994336], [-58.274805, -63.916211], [-58.145654, -63.877637], [-58.070361, -63.847461], [-57.970703, -63.834668], [-57.925684, -63.806055], [-57.831348, -63.803809], [-57.779492, -63.868262], [-57.780664, -63.906836], [-57.826953, -63.949219], [-57.845996, -64.053906]]], [[[-55.528027, -63.173535], [-55.46626, -63.199609], [-55.215527, -63.198633], [-55.15625, -63.204785], [-55.106445, -63.249316], [-55.075195, -63.324316], [-55.156787, -63.353125], [-55.593652, -63.33584], [-55.750195, -63.29668], [-55.830469, -63.298438], [-56.009131, -63.341504], [-56.083008, -63.382617], [-56.378516, -63.437305], [-56.462842, -63.418066], [-56.499023, -63.357617], [-56.505322, -63.334277], [-56.475342, -63.318262], [-56.460547, -63.301953], [-56.465967, -63.283496], [-56.385107, -63.234082], [-56.042187, -63.157129], [-55.589648, -63.12832], [-55.528711, -63.156836], [-55.528027, -63.173535]]], [[[-57.978418, -61.911914], [-57.849316, -61.939941], [-57.737988, -61.921191], [-57.676562, -61.94209], [-57.636523, -61.998242], [-57.639551, -62.02041], [-57.806689, -62.011914], [-57.962744, -62.077539], [-58.147559, -62.063477], [-58.172217, -62.117773], [-58.133105, -62.145801], [-58.183008, -62.17002], [-58.341455, -62.119434], [-58.46665, -62.137207], [-58.507324, -62.225684], [-58.561963, -62.243945], [-58.594043, -62.247754], [-58.643994, -62.225195], [-58.745703, -62.217871], [-58.755322, -62.206055], [-58.819043, -62.171289], [-59.003711, -62.209766], [-58.955225, -62.164258], [-58.709521, -62.044727], [-58.683594, -62.008203], [-58.399463, -61.938281], [-58.265186, -61.95332], [-57.978418, -61.911914]]], [[[-63.180566, -64.469531], [-63.276953, -64.57334], [-63.130518, -64.572363], [-63.03208, -64.534961], [-62.928223, -64.519336], [-62.836523, -64.571875], [-63.025586, -64.610938], [-63.202588, -64.680273], [-63.275439, -64.717383], [-63.354883, -64.733887], [-63.457812, -64.727344], [-63.558447, -64.73418], [-63.646875, -64.803027], [-63.739502, -64.834277], [-63.769922, -64.808398], [-63.804395, -64.791504], [-64.00708, -64.768555], [-64.09917, -64.732715], [-64.18374, -64.70957], [-64.27207, -64.697559], [-64.226221, -64.635352], [-64.171094, -64.581934], [-63.867139, -64.509766], [-63.896924, -64.487109], [-63.916162, -64.457227], [-63.674414, -64.421387], [-63.668311, -64.383984], [-63.683105, -64.342773], [-63.605566, -64.31416], [-63.53418, -64.272949], [-63.485596, -64.260547], [-63.333594, -64.266211], [-63.229639, -64.323633], [-63.270703, -64.380664], [-63.180566, -64.469531]]], [[[-62.325781, -64.424414], [-62.395898, -64.464648], [-62.455176, -64.47168], [-62.508105, -64.454102], [-62.579687, -64.514258], [-62.727002, -64.495996], [-62.781787, -64.479004], [-62.746826, -64.47168], [-62.720898, -64.444531], [-62.643018, -64.391602], [-62.504004, -64.253418], [-62.479736, -64.210645], [-62.590283, -64.139648], [-62.610742, -64.116309], [-62.585693, -64.075586], [-62.544971, -64.045703], [-62.451416, -64.012402], [-62.32876, -64.013477], [-62.267627, -64.039941], [-62.26875, -64.090039], [-62.058496, -64.138086], [-62.093848, -64.23457], [-62.174268, -64.295996], [-62.185693, -64.368848], [-62.303711, -64.401367], [-62.325781, -64.424414]]], [[[-67.988477, -67.474414], [-68.092529, -67.538672], [-68.175098, -67.558203], [-68.250391, -67.539648], [-68.325098, -67.532422], [-68.381299, -67.555371], [-68.439404, -67.65625], [-68.506738, -67.707129], [-68.58042, -67.732813], [-68.622363, -67.722559], [-68.664062, -67.722852], [-68.733691, -67.745703], [-68.818311, -67.753418], [-68.901367, -67.744238], [-68.982324, -67.67998], [-69.097559, -67.602734], [-69.120361, -67.57793], [-69.138037, -67.515234], [-69.132666, -67.452637], [-69.082422, -67.403125], [-68.819922, -67.233594], [-68.733594, -67.157227], [-68.656348, -67.07041], [-68.574609, -66.992578], [-68.416846, -66.85332], [-68.335938, -66.802051], [-67.937646, -66.656836], [-67.830518, -66.624316], [-67.711133, -66.633008], [-67.681152, -66.708984], [-67.74082, -66.746191], [-67.932373, -66.844531], [-67.969189, -66.982129], [-67.968408, -67.032227], [-67.948926, -67.044824], [-67.876074, -67.062402], [-67.827783, -67.081934], [-67.761182, -67.122949], [-67.687842, -67.147363], [-67.848047, -67.219141], [-67.956348, -67.255371], [-68.030078, -67.3], [-68.175146, -67.344141], [-68.235107, -67.371973], [-68.144434, -67.382422], [-68.006982, -67.417969], [-67.969482, -67.450293], [-67.988477, -67.474414]]], [[[-73.706641, -70.635156], [-73.550342, -70.723438], [-73.694531, -70.794336], [-74.205029, -70.924121], [-74.504736, -70.973438], [-74.805811, -71.012305], [-76.176318, -71.132422], [-76.271289, -71.132812], [-76.363965, -71.116797], [-76.421484, -71.09043], [-76.511523, -70.99082], [-76.500244, -70.941406], [-76.377637, -70.894141], [-76.248877, -70.86377], [-76.03457, -70.835938], [-75.21001, -70.772559], [-75.126953, -70.751758], [-75.059912, -70.705566], [-75.037549, -70.650586], [-75.007471, -70.608887], [-74.953613, -70.590234], [-74.898486, -70.590527], [-74.790479, -70.630957], [-74.589697, -70.791992], [-74.527148, -70.769727], [-74.468652, -70.72666], [-74.456152, -70.586719], [-74.400977, -70.575879], [-74.225, -70.614648], [-74.114551, -70.655371], [-74.112646, -70.576758], [-74.03833, -70.55293], [-73.957812, -70.560938], [-73.879492, -70.578125], [-73.706641, -70.635156]]], [[[-74.987109, -69.727832], [-74.810156, -69.752441], [-74.549707, -69.860938], [-74.46543, -69.916895], [-74.437988, -69.949609], [-74.460059, -69.97168], [-74.578418, -69.998047], [-74.671777, -70.131738], [-74.848828, -70.179297], [-75.268408, -70.149414], [-75.726758, -70.096094], [-75.764453, -70.085059], [-75.80415, -70.038184], [-75.812939, -69.983984], [-75.759521, -69.916113], [-75.681348, -69.881641], [-75.339941, -69.840234], [-75.313916, -69.816797], [-75.264551, -69.749316], [-75.178955, -69.735156], [-75.136377, -69.740625], [-74.987109, -69.727832]]], [[[-74.354443, -73.098438], [-74.498926, -73.229199], [-74.522461, -73.243945], [-74.667676, -73.275293], [-74.615381, -73.311426], [-74.575488, -73.327734], [-74.550635, -73.369141], [-74.467139, -73.427148], [-74.366113, -73.464258], [-74.4521, -73.56543], [-74.574658, -73.611328], [-75.90083, -73.332617], [-76.003223, -73.287988], [-76.053125, -73.254688], [-76.09043, -73.202832], [-76.096387, -73.150488], [-76.062402, -73.108789], [-76.017676, -73.085449], [-75.897656, -73.056348], [-75.774658, -73.054297], [-75.505859, -73.108887], [-75.467578, -73.101074], [-75.417236, -73.051563], [-75.276221, -73.050391], [-75.243848, -73.009375], [-75.439453, -72.994238], [-75.600293, -72.952637], [-75.701758, -72.911035], [-75.731055, -72.879297], [-75.376855, -72.82041], [-74.473877, -72.89375], [-74.335547, -72.918945], [-74.275781, -72.95127], [-74.223877, -72.99707], [-74.354443, -73.098438]]], [[[-91.160693, -73.182227], [-91.344189, -73.207129], [-91.51084, -73.195508], [-91.450391, -72.967871], [-91.356885, -72.909473], [-91.382129, -72.867871], [-91.551465, -72.753613], [-91.67002, -72.62373], [-91.612402, -72.593848], [-91.303516, -72.547363], [-90.947412, -72.556348], [-90.807129, -72.610645], [-90.76333, -72.681055], [-90.780176, -72.731738], [-90.895361, -72.823633], [-90.776221, -72.854004], [-90.750977, -72.916602], [-90.775586, -72.992969], [-90.893066, -73.083984], [-90.998437, -73.136523], [-91.160693, -73.182227]]], [[[167.642773, -78.141406], [167.51748, -78.216016], [167.376953, -78.249023], [166.93623, -78.222461], [166.625977, -78.284277], [166.284863, -78.306445], [166.121875, -78.274609], [166.050586, -78.213379], [166.0125, -78.13125], [166.012891, -78.101953], [166.111133, -78.089648], [166.56709, -78.148047], [166.759863, -78.197949], [166.863672, -78.196387], [167.137891, -78.12998], [167.364063, -78.045801], [167.422363, -78.006445], [167.497852, -77.992383], [167.593848, -78.022266], [167.639844, -78.111719], [167.642773, -78.141406]]], [[[100.981445, -65.677539], [100.546875, -65.70127], [100.512305, -65.675391], [100.350586, -65.672949], [100.292578, -65.65127], [100.270312, -65.60332], [100.324121, -65.520703], [100.409375, -65.465625], [100.545117, -65.408984], [100.606934, -65.396387], [100.883398, -65.378125], [101.078711, -65.402539], [101.220605, -65.472266], [101.258984, -65.527637], [101.238379, -65.564551], [100.981445, -65.677539]]], [[[26.857227, -70.381152], [26.792969, -70.419336], [26.608789, -70.412402], [26.470215, -70.447949], [26.357617, -70.434277], [26.005371, -70.372949], [25.964258, -70.294531], [25.954102, -70.261426], [25.98252, -70.199902], [26.301074, -70.072461], [26.425586, -70.060547], [26.604785, -70.078223], [26.68623, -70.114453], [26.737402, -70.186035], [26.874805, -70.32998], [26.857227, -70.381152]]], [[[-5.894092, -70.552246], [-6.156104, -70.611523], [-6.180859, -70.585547], [-6.266113, -70.550195], [-6.437988, -70.452637], [-6.243652, -70.445703], [-6.068262, -70.404688], [-5.971631, -70.421484], [-5.949512, -70.432227], [-5.894092, -70.552246]]], [[[-3.280225, -70.533789], [-3.441895, -70.535449], [-3.490234, -70.508008], [-3.496826, -70.488379], [-3.287451, -70.344043], [-3.173242, -70.307324], [-2.949902, -70.279688], [-2.805127, -70.288477], [-2.713525, -70.320215], [-2.684375, -70.376172], [-2.682715, -70.462207], [-2.738037, -70.507031], [-3.280225, -70.533789]]], [[[-66.173633, -80.077832], [-66.267187, -80.081445], [-66.319482, -80.075098], [-66.366895, -80.054297], [-66.4104, -79.97334], [-66.904199, -79.908887], [-66.962354, -79.872656], [-66.993652, -79.793359], [-67.077246, -79.761816], [-67.719141, -79.620215], [-67.770752, -79.589453], [-67.80874, -79.545898], [-67.687939, -79.528418], [-67.438232, -79.560352], [-66.978906, -79.568652], [-66.881299, -79.582227], [-66.785205, -79.608008], [-66.273779, -79.612012], [-66.01416, -79.624414], [-65.870312, -79.737695], [-65.579248, -79.770801], [-65.539551, -79.836914], [-65.504443, -79.954297], [-65.899023, -80.040527], [-65.989404, -80.054004], [-66.173633, -80.077832]]], [[[-67.261914, -79.452637], [-67.434326, -79.501172], [-68.161475, -79.478516], [-68.408105, -79.463965], [-68.548926, -79.437402], [-68.422266, -79.333203], [-68.324365, -79.298242], [-68.233008, -79.284961], [-68.032568, -79.227148], [-67.71416, -79.214063], [-67.474512, -79.222949], [-67.068652, -79.268457], [-67.172949, -79.311523], [-67.239502, -79.327637], [-67.304883, -79.394043], [-67.261914, -79.452637]]], [[[-55.16543, -61.22041], [-55.297021, -61.248535], [-55.346924, -61.211621], [-55.369141, -61.146387], [-55.440234, -61.106152], [-55.387012, -61.072656], [-54.670996, -61.116992], [-54.709961, -61.139746], [-55.057617, -61.168652], [-55.16543, -61.22041]]], [[[-55.872559, -63.535645], [-55.956738, -63.57998], [-56.178369, -63.513281], [-56.235205, -63.468848], [-56.209863, -63.436914], [-55.85791, -63.407324], [-55.761816, -63.42207], [-55.719189, -63.49209], [-55.872559, -63.535645]]], [[[-57.240479, -64.566797], [-57.32627, -64.570703], [-57.433398, -64.540234], [-57.4479, -64.488477], [-57.445898, -64.459863], [-57.365625, -64.43877], [-57.314551, -64.435352], [-57.022559, -64.352344], [-56.894727, -64.333008], [-56.951709, -64.381738], [-56.945264, -64.427246], [-56.991016, -64.467969], [-57.240479, -64.566797]]], [[[-56.059961, -63.078516], [-56.258984, -63.173145], [-56.354102, -63.168848], [-56.54585, -63.09834], [-56.600537, -63.061621], [-56.61416, -63.045117], [-56.488574, -62.982227], [-56.140381, -63.005273], [-56.061768, -63.012695], [-56.058447, -63.018555], [-56.051025, -63.054688], [-56.059961, -63.078516]]], [[[-57.37417, -63.807227], [-57.360205, -63.824805], [-57.16084, -63.815723], [-57.104004, -63.841211], [-57.218018, -63.875586], [-57.247754, -63.868359], [-57.34375, -63.878516], [-57.616357, -63.853613], [-57.683252, -63.812695], [-57.439355, -63.791406], [-57.37417, -63.807227]]], [[[-61.997607, -69.721875], [-62.085156, -69.729492], [-62.171924, -69.636621], [-62.216016, -69.494922], [-62.49624, -69.288184], [-62.567676, -69.180469], [-62.515869, -69.15459], [-62.442139, -69.145996], [-62.238965, -69.175781], [-62.11792, -69.214746], [-61.978369, -69.300391], [-61.815967, -69.376172], [-61.783691, -69.441895], [-61.807178, -69.514648], [-61.911328, -69.533398], [-61.907812, -69.587598], [-61.970117, -69.691406], [-61.997607, -69.721875]]], [[[-60.625, -62.560059], [-60.576318, -62.572656], [-60.139893, -62.54873], [-60.002734, -62.618457], [-59.849561, -62.614941], [-60.220947, -62.74541], [-60.321582, -62.70752], [-60.353809, -62.679199], [-60.378027, -62.616504], [-60.619629, -62.633398], [-60.696924, -62.620703], [-60.795898, -62.662305], [-60.995068, -62.679102], [-61.06333, -62.678906], [-61.149805, -62.63418], [-61.152393, -62.589063], [-60.974707, -62.591699], [-60.837744, -62.533691], [-60.799268, -62.475195], [-60.731836, -62.491016], [-60.625, -62.560059]]], [[[-71.985352, -69.698438], [-72.202051, -69.740137], [-72.34458, -69.707031], [-72.776758, -69.64502], [-72.957324, -69.529102], [-72.936768, -69.468848], [-72.857324, -69.433105], [-72.726172, -69.413086], [-72.464307, -69.451855], [-72.331152, -69.491797], [-71.985352, -69.698438]]], [[[-95.027051, -72.665039], [-95.219434, -72.669824], [-95.272949, -72.646875], [-95.215625, -72.599414], [-94.753027, -72.517188], [-94.566113, -72.468066], [-94.538379, -72.475781], [-94.513867, -72.491699], [-94.433936, -72.58916], [-94.426025, -72.612598], [-95.027051, -72.665039]]], [[[-104.537939, -73.166309], [-104.65957, -73.212109], [-104.880957, -73.200586], [-105.05293, -73.125977], [-105.123437, -73.026367], [-105.131787, -72.991504], [-105.08457, -72.965918], [-104.972412, -72.941016], [-104.537939, -73.166309]]], [[[-119.548926, -74.110254], [-119.75835, -74.12207], [-119.820996, -74.119629], [-119.887207, -74.097266], [-119.905127, -74.081543], [-119.79668, -74.029199], [-119.69375, -74.006152], [-119.661572, -73.989355], [-119.802588, -73.814648], [-119.669043, -73.809277], [-119.516357, -73.774902], [-119.216211, -73.777637], [-118.959277, -73.809473], [-118.909814, -73.834277], [-118.877344, -73.878027], [-118.989795, -73.966992], [-119.058594, -73.997656], [-119.448535, -74.076172], [-119.548926, -74.110254]]], [[[-127.36582, -74.622656], [-127.517725, -74.640527], [-127.81709, -74.574609], [-127.915234, -74.542578], [-128.000049, -74.489453], [-128.070459, -74.478223], [-128.09624, -74.466211], [-128.133447, -74.327441], [-128.042871, -74.312207], [-127.852979, -74.331836], [-127.486426, -74.405273], [-127.229736, -74.425195], [-127.145166, -74.480176], [-127.231934, -74.578418], [-127.36582, -74.622656]]], [[[-161.993799, -83.11875], [-162.304932, -83.141797], [-163.046533, -83.096777], [-163.242139, -83.059668], [-163.348389, -83.021582], [-163.5521, -82.987695], [-163.601758, -82.968555], [-163.602197, -82.927344], [-163.634326, -82.902246], [-163.703906, -82.879297], [-163.735303, -82.856836], [-163.795947, -82.842676], [-162.798486, -82.864844], [-162.410596, -82.899219], [-162.339795, -82.922754], [-161.635156, -83.026953], [-161.828223, -83.042578], [-161.993799, -83.11875]]], [[[-160.467139, -81.589453], [-160.570996, -81.597852], [-163.253076, -81.482422], [-163.766064, -81.444824], [-163.890137, -81.423633], [-163.939258, -81.404102], [-163.951221, -81.390918], [-163.930029, -81.352148], [-163.868994, -81.324023], [-163.200635, -81.281445], [-162.456494, -81.313281], [-161.558594, -81.39668], [-160.937891, -81.463477], [-160.616895, -81.52207], [-160.485449, -81.566992], [-160.467139, -81.589453]]], [[[163.975977, -74.832715], [163.844629, -74.832715], [163.763379, -74.802832], [163.737207, -74.733789], [163.741699, -74.711523], [164.002344, -74.628906], [164.208496, -74.607715], [164.098242, -74.731934], [164.05918, -74.752734], [163.975977, -74.832715]]], [[[162.968066, -75.56709], [162.788281, -75.696191], [162.661914, -75.691895], [162.591211, -75.668555], [162.72002, -75.59668], [162.842383, -75.566211], [162.916992, -75.557324], [162.968066, -75.56709]]], [[[169.843652, -73.60498], [169.70918, -73.625293], [169.522363, -73.561523], [169.479492, -73.539453], [169.659375, -73.418066], [169.64541, -73.379102], [169.671875, -73.346094], [169.740039, -73.32041], [169.783203, -73.324219], [169.886523, -73.458691], [169.960352, -73.514355], [169.858789, -73.568066], [169.843652, -73.60498]]], [[[164.833594, -67.54043], [164.746289, -67.568848], [164.69209, -67.560059], [164.638965, -67.500098], [164.696289, -67.407813], [164.675195, -67.288867], [164.683984, -67.259375], [164.825, -67.326074], [164.850098, -67.363672], [164.907227, -67.418555], [164.918652, -67.447461], [164.860449, -67.503906], [164.833594, -67.54043]]], [[[163.301953, -66.821191], [163.283594, -66.881934], [163.23457, -66.867969], [163.163867, -66.819141], [163.089648, -66.700586], [163.156152, -66.688477], [163.237891, -66.708789], [163.271094, -66.767578], [163.299121, -66.798438], [163.301953, -66.821191]]], [[[162.611426, -66.477344], [162.557129, -66.525098], [162.511328, -66.520117], [162.302734, -66.399707], [162.32627, -66.347461], [162.297266, -66.303711], [162.302051, -66.264648], [162.310547, -66.25127], [162.563281, -66.432617], [162.611426, -66.477344]]], [[[96.612695, -66.03584], [96.727344, -66.06084], [96.931641, -66.058398], [97.005566, -66.096777], [97.018848, -66.139453], [97.015625, -66.163965], [96.933984, -66.200781], [96.394531, -66.225], [96.307031, -66.18584], [96.398828, -66.080176], [96.499805, -66.045898], [96.612695, -66.03584]]], [[[100.264746, -66.216602], [100.133203, -66.229492], [100.082031, -66.202734], [100.07627, -66.188086], [100.174414, -66.131055], [100.290527, -66.112402], [100.281543, -66.17998], [100.264746, -66.216602]]], [[[98.846094, -66.469824], [98.751758, -66.481641], [98.655078, -66.45332], [98.605176, -66.399902], [98.596484, -66.382617], [98.748633, -66.369238], [98.949805, -66.420508], [98.846094, -66.469824]]], [[[103.397266, -65.445312], [103.337207, -65.468555], [103.175977, -65.454688], [103.138477, -65.435059], [103.124219, -65.338379], [103.112793, -65.312012], [103.054395, -65.285352], [102.78877, -65.235938], [102.75957, -65.167871], [102.796094, -65.136328], [102.892871, -65.129688], [103.136816, -65.190625], [103.19082, -65.237109], [103.181738, -65.307715], [103.186133, -65.330566], [103.261035, -65.377344], [103.378906, -65.426465], [103.397266, -65.445312]]], [[[92.601367, -65.808301], [92.470508, -65.82168], [92.333008, -65.807227], [92.262793, -65.760059], [92.248145, -65.739941], [92.301465, -65.706738], [92.496387, -65.702148], [92.633789, -65.730664], [92.664551, -65.760449], [92.669629, -65.774805], [92.601367, -65.808301]]], [[[85.822363, -66.95332], [85.650098, -66.979688], [85.622266, -66.965332], [85.617383, -66.950879], [85.358789, -66.854297], [85.314453, -66.775977], [85.340332, -66.72334], [85.552832, -66.728516], [85.80625, -66.774609], [85.937695, -66.894141], [85.822363, -66.95332]]], [[[86.541797, -66.76748], [86.42666, -66.791992], [86.337012, -66.787598], [86.232227, -66.73291], [86.277734, -66.69668], [86.383301, -66.674805], [86.520605, -66.686914], [86.556738, -66.705762], [86.651953, -66.718164], [86.541797, -66.76748]]], [[[85.328516, -66.611914], [85.222461, -66.643457], [85.136133, -66.637109], [85.07959, -66.604297], [85.06875, -66.583789], [85.121094, -66.518555], [85.164746, -66.521582], [85.193945, -66.556055], [85.328516, -66.611914]]], [[[69.918359, -71.917773], [69.791992, -72.04668], [69.743555, -72.044141], [69.692578, -71.968262], [69.737109, -71.921973], [69.796094, -71.893945], [69.895215, -71.907813], [69.918359, -71.917773]]], [[[68.461719, -72.300098], [68.408887, -72.300195], [68.436133, -72.260449], [68.566309, -72.190137], [68.66709, -72.103125], [68.729297, -72.08916], [68.84043, -72.16543], [68.817188, -72.228711], [68.669531, -72.275977], [68.461719, -72.300098]]], [[[72.002246, -70.632617], [71.929004, -70.633008], [71.841211, -70.621973], [71.725781, -70.549121], [71.659375, -70.497461], [71.637109, -70.443555], [71.646582, -70.336328], [71.705078, -70.284375], [71.796582, -70.264258], [71.837988, -70.312207], [71.851172, -70.367676], [71.87998, -70.405566], [72, -70.456836], [72.055664, -70.500977], [72.073438, -70.524512], [72.097363, -70.574609], [72.078125, -70.609082], [72.002246, -70.632617]]], [[[48.545996, -66.78418], [48.37793, -66.807324], [48.304492, -66.797852], [48.295996, -66.773828], [48.293945, -66.750098], [48.300781, -66.724219], [48.357715, -66.703809], [48.637793, -66.700977], [48.751074, -66.719629], [48.782422, -66.731152], [48.785547, -66.767578], [48.774707, -66.77832], [48.545996, -66.78418]]], [[[16.222656, -70.007617], [16.159277, -70.071973], [15.844922, -69.982031], [15.663477, -69.955078], [15.613867, -69.939063], [15.570996, -69.884766], [15.562598, -69.862793], [15.596875, -69.828027], [15.699023, -69.773242], [15.90957, -69.728418], [16.246875, -69.70498], [16.573438, -69.723242], [16.625488, -69.750293], [16.31543, -69.844434], [16.222656, -70.007617]]], [[[3.036914, -70.597363], [2.697754, -70.623535], [2.622754, -70.593359], [2.584668, -70.53457], [2.631445, -70.500391], [3.072168, -70.381641], [3.192773, -70.392676], [3.230566, -70.402637], [3.259863, -70.448828], [3.221289, -70.519141], [3.171094, -70.553906], [3.036914, -70.597363]]], [[[-2.95498, -71.21377], [-3.060596, -71.236621], [-3.201465, -71.230273], [-3.309375, -71.200879], [-3.385645, -71.142969], [-3.403857, -71.119824], [-3.391699, -71.081152], [-3.398975, -71.062109], [-3.263037, -71.051758], [-3.212793, -71.075977], [-3.191357, -71.094824], [-2.95498, -71.21377]]], [[[1.299316, -70.255176], [1.211523, -70.381348], [1.156348, -70.378125], [1.10459, -70.304199], [0.990332, -70.224316], [0.952539, -70.168945], [0.949609, -70.094043], [1.026758, -70.049805], [1.314844, -70.022754], [1.412207, -70.040723], [1.460938, -70.135645], [1.299316, -70.255176]]], [[[-2.532812, -70.767773], [-2.423437, -70.800391], [-2.255566, -70.796094], [-2.092285, -70.820898], [-2.119043, -70.855371], [-2.212695, -70.901563], [-2.293164, -70.997949], [-2.368945, -71.044434], [-2.606738, -71.141113], [-2.783496, -71.16748], [-2.825146, -71.112695], [-2.821875, -71.056738], [-2.805176, -71.014746], [-2.800537, -70.982227], [-2.963135, -70.940332], [-2.975, -70.883301], [-3.006982, -70.851465], [-3.488965, -70.735938], [-3.574658, -70.703125], [-3.537061, -70.683301], [-3.040039, -70.674414], [-2.749805, -70.694141], [-2.532812, -70.767773]]], [[[4.525879, -70.478711], [4.365234, -70.502637], [4.179688, -70.45127], [4.12959, -70.416992], [4.076172, -70.325293], [4.069727, -70.290234], [4.111719, -70.266797], [4.256055, -70.24082], [4.49502, -70.251367], [4.58623, -70.294238], [4.617578, -70.368652], [4.589941, -70.43252], [4.525879, -70.478711]]], [[[-20.607422, -73.886621], [-20.654248, -74.10498], [-20.64126, -74.150586], [-20.600342, -74.196875], [-20.42334, -74.317383], [-20.411426, -74.408496], [-20.41665, -74.443359], [-20.489014, -74.492676], [-20.737012, -74.480957], [-20.817676, -74.454785], [-20.845654, -74.437793], [-20.976758, -74.225098], [-21.051221, -74.176074], [-21.166553, -74.132617], [-21.609863, -74.091797], [-22.035352, -74.106543], [-21.930371, -74.056641], [-21.288281, -73.989355], [-21.126367, -73.939844], [-21.024512, -73.880078], [-20.979199, -73.79043], [-20.867041, -73.67666], [-20.690137, -73.625195], [-20.580225, -73.619238], [-20.520703, -73.711816], [-20.520703, -73.797852], [-20.607422, -73.886621]]], [[[-16.104492, -72.679102], [-16.174805, -72.702832], [-16.317578, -72.702148], [-16.453027, -72.652344], [-16.509766, -72.582227], [-16.516553, -72.530859], [-16.455371, -72.473535], [-16.355859, -72.458594], [-16.302881, -72.478027], [-16.17251, -72.6], [-16.104492, -72.679102]]], [[[-12.508887, -72.17334], [-12.588428, -72.196094], [-12.720166, -72.187695], [-12.888428, -72.137109], [-12.943701, -72.098926], [-12.963281, -72.064453], [-12.914795, -72.014648], [-12.875488, -72.000684], [-12.788867, -72.006543], [-12.636621, -72.071289], [-12.534766, -72.140039], [-12.508887, -72.17334]]], [[[-32.342529, -79.673633], [-32.514893, -79.682813], [-32.583252, -79.658301], [-32.50083, -79.592285], [-32.376611, -79.534668], [-32.15, -79.529883], [-31.933447, -79.567871], [-31.956738, -79.603809], [-32.001172, -79.607031], [-32.342529, -79.673633]]], [[[-54.070703, -61.299121], [-54.11543, -61.308496], [-54.183887, -61.269727], [-54.192236, -61.246582], [-54.121973, -61.201758], [-54.049902, -61.14209], [-54.024316, -61.135254], [-54.041309, -61.255371], [-54.070703, -61.299121]]], [[[-58.837939, -62.302539], [-59.059424, -62.347754], [-59.174561, -62.301758], [-59.202441, -62.283105], [-59.063818, -62.239063], [-58.990625, -62.249219], [-58.962109, -62.263867], [-58.878662, -62.267871], [-58.837939, -62.302539]]], [[[-61.158447, -69.975781], [-61.308643, -69.97793], [-61.378467, -69.949805], [-61.404346, -69.93252], [-61.386475, -69.893262], [-61.327148, -69.856348], [-61.151855, -69.883105], [-61.10791, -69.955273], [-61.158447, -69.975781]]], [[[-60.655908, -68.767578], [-60.693359, -68.79502], [-60.820068, -68.778418], [-60.894043, -68.758887], [-61.014941, -68.709766], [-60.947168, -68.680664], [-60.813574, -68.687695], [-60.704834, -68.72207], [-60.655908, -68.767578]]], [[[-60.740625, -70.710547], [-60.826074, -70.710547], [-60.896484, -70.689648], [-60.958008, -70.629004], [-60.975537, -70.599121], [-60.941797, -70.53252], [-60.883887, -70.517578], [-60.553662, -70.508789], [-60.45249, -70.544238], [-60.448975, -70.60332], [-60.487695, -70.64668], [-60.740625, -70.710547]]], [[[-60.552246, -71.05293], [-60.652148, -71.058691], [-60.789746, -71.041113], [-60.906348, -71.007422], [-60.946484, -70.967383], [-60.889062, -70.934375], [-60.782812, -70.914062], [-60.613135, -70.920117], [-60.533301, -70.9625], [-60.516309, -70.999512], [-60.535937, -71.040918], [-60.552246, -71.05293]]], [[[-59.389014, -62.444336], [-59.525244, -62.451465], [-59.619434, -62.39502], [-59.660693, -62.354297], [-59.478516, -62.352148], [-59.39585, -62.367285], [-59.353369, -62.412891], [-59.389014, -62.444336]]], [[[-60.504883, -62.967383], [-60.554688, -62.977539], [-60.619727, -62.969043], [-60.617725, -62.986621], [-60.563672, -63.008984], [-60.62168, -63.017969], [-60.69292, -62.995703], [-60.74043, -62.948633], [-60.705859, -62.905566], [-60.637402, -62.895215], [-60.504883, -62.967383]]], [[[-60.653125, -63.866602], [-60.777686, -63.902148], [-60.852441, -63.891016], [-60.972168, -63.849023], [-60.810059, -63.836621], [-60.79668, -63.716699], [-60.714844, -63.668848], [-60.562354, -63.695898], [-60.655908, -63.758984], [-60.688867, -63.80791], [-60.65498, -63.850098], [-60.653125, -63.866602]]], [[[-61.952441, -64.077148], [-62.043896, -64.080371], [-62.020752, -64.027344], [-61.936279, -63.990234], [-61.798242, -63.966602], [-61.88623, -64.026953], [-61.911133, -64.054492], [-61.952441, -64.077148]]], [[[-63.316211, -64.861133], [-63.474414, -64.906543], [-63.55835, -64.905957], [-63.459277, -64.796289], [-63.366895, -64.79209], [-63.219385, -64.729785], [-63.177246, -64.73877], [-63.256934, -64.79082], [-63.316211, -64.861133]]], [[[-62.615088, -63.069336], [-62.655273, -63.073828], [-62.638867, -63.031934], [-62.527051, -62.923828], [-62.317432, -62.874121], [-62.344043, -62.917773], [-62.411475, -62.971582], [-62.615088, -63.069336]]], [[[-65.845264, -65.84248], [-66.063916, -65.880859], [-66.175293, -65.866504], [-66.181445, -65.826367], [-66.153467, -65.77373], [-66.049609, -65.744727], [-66.066943, -65.666113], [-65.999707, -65.632812], [-65.968311, -65.570996], [-65.833594, -65.527246], [-65.636914, -65.547754], [-65.667969, -65.626172], [-65.669678, -65.65293], [-65.78374, -65.674316], [-65.813867, -65.686621], [-65.84082, -65.738477], [-65.835742, -65.81377], [-65.845264, -65.84248]]], [[[-66.595312, -66.200684], [-66.818652, -66.312695], [-66.85, -66.305469], [-66.867529, -66.293848], [-66.866992, -66.274805], [-66.791504, -66.233594], [-66.779004, -66.11084], [-66.631348, -66.066797], [-66.575195, -66.082422], [-66.622852, -66.133887], [-66.592627, -66.178613], [-66.595312, -66.200684]]], [[[-67.362402, -66.894531], [-67.409229, -66.901953], [-67.520801, -66.897266], [-67.593262, -66.875586], [-67.499512, -66.803613], [-67.51084, -66.75625], [-67.425977, -66.736914], [-67.331689, -66.753516], [-67.26875, -66.815234], [-67.256982, -66.840918], [-67.362402, -66.894531]]], [[[-67.348926, -67.766211], [-67.544531, -67.785254], [-67.693359, -67.763477], [-67.689697, -67.687695], [-67.730664, -67.679492], [-67.743262, -67.66123], [-67.556738, -67.604492], [-67.417676, -67.590625], [-67.246729, -67.59873], [-67.174902, -67.624512], [-67.149414, -67.650195], [-67.279687, -67.711914], [-67.299707, -67.737207], [-67.348926, -67.766211]]], [[[-71.69502, -70.265137], [-71.647754, -70.29541], [-71.431592, -70.267285], [-71.354883, -70.297852], [-71.340283, -70.31748], [-71.437744, -70.391504], [-71.551221, -70.438867], [-71.684668, -70.442285], [-71.781982, -70.318848], [-71.795264, -70.288379], [-71.69502, -70.265137]]], [[[-73.878418, -73.356836], [-73.974805, -73.376074], [-74.038281, -73.365527], [-74.146631, -73.31543], [-74.134424, -73.27666], [-74.084473, -73.249316], [-74.04873, -73.220215], [-73.832129, -73.113281], [-73.674219, -73.100391], [-73.542432, -73.123828], [-73.682275, -73.225], [-73.721387, -73.296289], [-73.878418, -73.356836]]], [[[-93.795605, -72.919727], [-93.965527, -72.920215], [-94.078125, -72.883887], [-94.113184, -72.860059], [-94.046973, -72.823047], [-94.004248, -72.819727], [-93.799561, -72.882031], [-93.755811, -72.907617], [-93.795605, -72.919727]]], [[[-116.738623, -74.165039], [-117.230322, -74.192773], [-117.362988, -74.160938], [-117.398291, -74.122461], [-117.376465, -74.082813], [-116.381299, -73.865527], [-116.202686, -73.895605], [-116.15498, -73.910449], [-116.451416, -74.017676], [-116.58457, -74.055566], [-116.608643, -74.068555], [-116.53418, -74.083301], [-116.514111, -74.095508], [-116.570898, -74.125684], [-116.738623, -74.165039]]], [[[-132.39126, -74.441895], [-132.546289, -74.498438], [-132.857178, -74.461719], [-132.831689, -74.421582], [-132.55249, -74.386621], [-132.362305, -74.409961], [-132.39126, -74.441895]]], [[[-131.066699, -74.583789], [-131.178906, -74.604785], [-131.597949, -74.553711], [-131.840869, -74.542578], [-131.95249, -74.514355], [-132.025098, -74.488672], [-132.049316, -74.463867], [-132.162646, -74.425781], [-131.937793, -74.349121], [-131.762695, -74.323828], [-131.594092, -74.329688], [-131.559619, -74.367285], [-131.233887, -74.413574], [-130.981104, -74.414062], [-130.956787, -74.45625], [-130.967285, -74.515039], [-131.066699, -74.583789]]], [[[-147.588281, -76.649805], [-147.578857, -76.662793], [-147.729639, -76.653418], [-147.954297, -76.597168], [-148.001074, -76.577148], [-147.899707, -76.558008], [-147.769678, -76.576855], [-147.649121, -76.61084], [-147.588281, -76.649805]]], [[[-145.238086, -75.71123], [-145.348389, -75.716113], [-145.541162, -75.692676], [-146.042773, -75.611914], [-146.15083, -75.573535], [-146.075732, -75.533398], [-145.895508, -75.504785], [-145.760791, -75.513867], [-145.417383, -75.587988], [-145.31543, -75.641406], [-145.252246, -75.682813], [-145.238086, -75.71123]]], [[[-146.606738, -76.961328], [-146.981445, -77.005664], [-147.078906, -76.992773], [-147.044141, -76.929688], [-147.101465, -76.886523], [-147.115625, -76.866211], [-147.08667, -76.837305], [-146.866504, -76.837109], [-146.244385, -76.883105], [-146.163965, -76.948535], [-146.606738, -76.961328]]], [[[-148.59585, -77.006836], [-149.014648, -77.019141], [-149.244824, -76.993066], [-149.302539, -76.91582], [-149.238086, -76.900195], [-148.704102, -76.935645], [-148.508936, -76.95459], [-148.439746, -76.977148], [-148.474316, -76.997754], [-148.59585, -77.006836]]], [[[-149.333252, -76.717383], [-148.92793, -76.730078], [-148.662598, -76.720508], [-148.38418, -76.744434], [-148.320801, -76.77168], [-148.370947, -76.794922], [-148.669531, -76.802051], [-148.8146, -76.840723], [-148.983887, -76.845313], [-149.238477, -76.817773], [-149.468945, -76.757129], [-149.333252, -76.717383]]], [[[-149.218115, -77.336328], [-148.928857, -77.386816], [-149.438672, -77.370605], [-149.662354, -77.300977], [-149.518652, -77.274707], [-149.375439, -77.27998], [-149.249121, -77.315039], [-149.218115, -77.336328]]], [[[-150.23252, -76.776465], [-150.655176, -76.788965], [-150.830469, -76.761523], [-150.873535, -76.736719], [-150.837646, -76.71416], [-150.177393, -76.691309], [-150.103564, -76.718848], [-150.084766, -76.735156], [-150.23252, -76.776465]]], [[[-146.690137, -76.246387], [-146.894482, -76.260938], [-147.150928, -76.197461], [-147.34541, -76.14668], [-147.407764, -76.10459], [-147.420898, -76.090234], [-147.418066, -76.073438], [-147.360645, -76.062793], [-146.949023, -76.098145], [-146.690137, -76.246387]]], [[[-146.790039, -76.633105], [-146.907813, -76.714063], [-147.221338, -76.670898], [-147.355322, -76.618848], [-147.278613, -76.552539], [-147.135303, -76.531543], [-146.947461, -76.55498], [-146.877881, -76.563281], [-146.790039, -76.633105]]], [[[-150.39707, -77.369141], [-150.474854, -77.37373], [-151.344482, -77.296289], [-151.511621, -77.27334], [-151.218018, -77.226465], [-151.021533, -77.22002], [-150.499121, -77.335059], [-150.35625, -77.349023], [-150.39707, -77.369141]]], [[[-153.930469, -80.033301], [-154.114062, -80.036035], [-154.348828, -80.026074], [-154.529443, -80.000488], [-154.94165, -79.966309], [-155.044775, -79.899805], [-155.525342, -79.846484], [-155.751172, -79.82959], [-155.674268, -79.765527], [-155.162207, -79.850684], [-154.535107, -79.935547], [-154.025391, -79.987695], [-153.930469, -80.033301]]], [[[-149.230664, -77.120508], [-149.293457, -77.136621], [-149.728613, -77.128516], [-149.816895, -77.11416], [-149.856348, -77.099414], [-150.461816, -77.075684], [-150.735791, -77.004297], [-150.788525, -76.981641], [-150.680225, -76.948438], [-150.475781, -76.926074], [-150.393311, -76.89873], [-149.870605, -76.875], [-149.789844, -76.889258], [-149.742578, -76.927051], [-149.505762, -77.00166], [-149.441748, -77.049219], [-149.416406, -77.078906], [-149.28833, -77.093164], [-149.230664, -77.120508]]], [[[-157.9875, -82.10498], [-158.076221, -82.112012], [-158.154102, -82.058496], [-158.545312, -81.948828], [-158.773193, -81.875488], [-158.926318, -81.818652], [-158.988721, -81.779297], [-158.913721, -81.779785], [-158.346729, -81.900488], [-158.26084, -81.947266], [-157.83457, -82.030762], [-157.9875, -82.10498]]]]}}]}